Name	Brand	Child	Adult	With seat	City	Countryside	Folding	Double engine	Three-wheel	Rating	MaxSpeed	Weight	Distance	Power	Customizable	Availability	For_city	Rental
Kugoo S3 (Jilong) Чёрный	Kugoo	false	true	true	true	false	true	false	false	4.928571	30 км/ч	12 кг	30 км	350 W	false	true	Saint-Petersburg	false
Kugoo S3 PRO Чёрный	Kugoo	false	true	false	true	false	true	false	false	5.0	30 км/ч	12 кг	30 км	350 W	true	false	None	false
NorthStar mini 5	Northstar	false	true	true	true	false	true	false	false	5.0	50 км/ч	18 кг	50 км	600 W	true	false	None	false
Aqiho RS-01	Aqiho	false	true	true	true	false	true	false	false	5.0	45 км/ч	16 кг	45 км	500 W	true	true	Saint-Petersburg	false
AOVO S3 PRO 2020	AOVO	false	true	false	true	false	true	false	false	5.0	30 км/ч	11 кг	35 км	350 W	false	false	None	false
Aovo S3 new 2020	AOVO	false	true	false	true	false	true	false	false	5.0	30 км/ч	11 кг	25 км	350 W	true	true	Saint-Petersburg	false
Kugoo HX (Jilong) Чёрный	Kugoo	false	true	false	true	false	true	false	false	5.0	25 км/ч	13 кг	25 км	350 W	true	true	Saint-Petersburg	false
Kugoo HX Pro  (Jilong)  Чёрный	Kugoo	false	true	false	true	false	true	false	false	5.0	30 км/ч	14 кг	45 км	350 W	false	true	Saint-Petersburg	false
Kugoo M2 Pro Чёрный	Kugoo	false	true	false	true	false	true	false	false	5.0	30 км/ч	15 кг	30 км	350 W	true	false	None	false
Kugoo M2 Pro Белый	Kugoo	false	true	false	true	false	true	false	false	5.0	30 км/ч	15 кг	30 км	350 W	true	false	None	false
Kugoo S1 plus Jilong	Kugoo	false	true	false	true	false	true	false	false	5.0	30 км/ч	15 кг	25 км	350 W	false	false	None	false
Joyor A3	Joyor	false	true	false	true	false	true	false	false	5.0	25 км/ч	12 кг	25 км	350 W	false	true	Saint-Petersburg	false
Kugoo S4 Jilong Чёрный	Kugoo	false	true	true	true	false	true	false	false	5.0	40 км/ч	19 кг	35 км	500 W	true	true	Saint-Petersburg	false
G-Force mini 2	G-Force	false	true	false	true	false	true	false	false	5.0	28 км/ч	6 кг	25 км	180 W	false	true	Saint-Petersburg	false
Xiaomi Mijia m365 EURO Чёрный	Xiaomi	false	true	false	true	false	true	false	false	5.0	25 км/ч	12 кг	30 км	250 W	true	true	Saint-Petersburg	true
Kugoo ES2 Черный	Kugoo	false	true	false	true	false	true	false	false	5.0	35 км/ч	13 кг	25 км	350 W	true	true	Saint-Petersburg	false
Kugoo ES3 Чёрный	Kugoo	false	true	true	false	true	true	false	false	5.0	30 км/ч	18 кг	35 км	500 W	true	false	None	false
E-Scooter S5	E Scooter	false	true	false	true	false	true	false	false	4.75	35 км/ч	13 кг	35 км	350 W	false	false	None	false
NextDrive 2 carbon	Next Drive	false	true	false	true	false	true	false	false	5.0	28 км/ч	8 кг	30 км	280 W	false	false	None	false
Yamato Autoskate PRO	Yamato	false	true	false	true	false	true	false	false	5.0	25 км/ч	16 кг	35 км	350 W	false	false	None	false
Inmotion L8F / L8	Inmotion	false	true	false	true	false	true	false	false	5.0	25 км/ч	13 кг	30 км	350 W	true	false	None	false
Halten Lite	Halten	false	true	false	true	false	true	false	false	5.0	25 км/ч	12 кг	25 км	350 W	true	false	None	false
Xiaomi Mijia Electric Scooter 1S Белый	Xiaomi	false	true	false	true	false	true	false	false	5.0	25 км/ч	12 кг	30 км	250 W	false	true	Saint-Petersburg	true
Xiaomi Mijia Electric Scooter 1S Чёрный	Xiaomi	false	true	false	true	false	true	false	false	5.0	25 км/ч	12 кг	30 км	250 W	true	true	Saint-Petersburg	true
Halten Tony	Halten	false	true	false	true	false	true	false	false	5.0	30 км/ч	13 кг	20 км	350 W	true	false	None	false
Midway i-One Pro	Midway	false	true	false	true	false	true	false	false	5.0	40 км/ч	15 кг	40 км	350 W	false	false	None	false
Midway i-One	Midway	false	true	false	true	false	true	false	false	0.0	30 км/ч	14 кг	23 км	350 W	false	false	None	false
Midway Yamato 0809 Pro	Midway	false	true	false	true	false	true	false	false	5.0	30 км/ч	12 кг	35 км	350 W	true	false	None	false
Midway Yamato 0809	Midway	false	true	false	true	false	true	false	false	5.0	30 км/ч	11 кг	20 км	350 W	true	true	Saint-Petersburg	false
Midway Yamato 0810	Midway	false	true	false	true	false	true	false	false	0.0	25 км/ч	11 кг	23 км	240 W	true	false	None	false
Midway Yamato Mini	Midway	false	true	false	true	false	true	false	false	5.0	25 км/ч	8 кг	16 км	150 W	true	false	None	false
Halten Tony 2021 желтый	Halten	false	true	false	true	false	true	false	false	0.0	30 км/ч	13 кг	20 км	350 W	true	true	Saint-Petersburg	false
Halten Tony 2021 белый	Halten	false	true	false	true	false	true	false	false	0.0	30 км/ч	13 кг	20 км	350 W	false	true	Saint-Petersburg	false
Halten Tony 2021	Halten	false	true	false	true	false	true	false	false	5.0	30 км/ч	13 кг	20 км	350 W	false	true	Saint-Petersburg	false
Halten Kiddy	Halten	true	false	false	true	false	false	false	true	5.0	3 км/ч	4 кг	15 км	20 W	true	true	Saint-Petersburg	false
Halten Tony белый	Halten	false	true	false	true	false	true	false	false	5.0	30 км/ч	13 кг	20 км	350 W	false	false	None	false
Halten Tony жёлтый	Halten	false	true	false	true	false	true	false	false	5.0	30 км/ч	13 кг	20 км	350 W	false	true	Saint-Petersburg	false
Halten Tony фиолетовый	Halten	false	true	false	true	false	true	false	false	0.0	30 км/ч	13 кг	20 км	350 W	false	true	Saint-Petersburg	false
Ninebot KickScooter Max	Ninebot	false	true	false	true	false	true	false	false	5.0	25 км/ч	19 кг	65 км	350 W	true	false	None	true
E-scooter S3 PRO music	E Scooter	false	true	false	true	false	true	false	false	5.0	35 км/ч	11 кг	25 км	350 W	true	false	None	false
E-scooter F3 PRO app	E Scooter	false	true	false	true	false	true	false	false	5.0	35 км/ч	11 кг	25 км	350 W	false	true	Saint-Petersburg	false
KKA L2 Scooter	KKA	false	true	false	true	false	true	false	false	5.0	25 км/ч	15 кг	30 км	350 W	true	false	None	false
GT 350S	GT	false	true	false	true	false	true	false	false	0.0	25 км/ч	11 кг	30 км	350 W	true	false	None	false
ET MINI	RXScooter	false	true	false	true	false	true	false	false	0.0	30 км/ч	6 кг	30 км	250 W	true	false	None	false
AOVO F3 PRO	AOVO	false	true	false	true	false	true	false	false	4.333333	30 км/ч	12 кг	30 км	350 W	false	false	None	false
Ninebot Kickscooter E22	Ninebot	false	true	false	true	false	true	false	false	5.0	25 км/ч	14 кг	25 км	300 W	true	false	None	true
Kugoo Kirin S1 Белый	Kugoo	false	true	true	true	false	true	false	false	5.0	25 км/ч	11 кг	25 км	350 W	false	true	Saint-Petersburg	false
Kugoo Kirin S1 Чёрный	Kugoo	false	true	true	true	false	true	false	false	5.0	25 км/ч	12 кг	25 км	350 W	false	true	Saint-Petersburg	false
Xiaomi Mi Electric Scooter Essential	Xiaomi	false	true	false	true	false	true	false	false	0.0	20 км/ч	12 кг	20 км	250 W	true	false	None	true
GT ES6 350W 36V/7.8 Ah	GT	false	true	false	true	false	true	false	false	5.0	25 км/ч	12 кг	30 км	350 W	true	false	None	false
Halten Lite Plus	Halten	false	true	false	true	false	true	false	false	5.0	35 км/ч	14 кг	45 км	350 W	true	false	None	false
Speedway Leger	MiniMotors	false	true	false	true	false	true	false	false	4.0	45 км/ч	20 кг	55 км	500 W	false	false	None	false
Joyor H1	Joyor	false	true	false	true	false	true	false	false	0.0	15 км/ч	7 кг	12 км	250 W	true	false	None	false
Kugoo X1	Kugoo	false	true	false	true	false	true	false	false	4.928571	45 км/ч	18 кг	45 км	600 W	true	false	None	false
Yamato E-Scooter S 5,2Ah 36V	Yamato	false	true	false	true	false	true	false	false	5.0	25 км/ч	12 кг	25 км	250 W	true	false	None	false
Yamato E-Scooter 10Ah 24V	Yamato	false	true	false	true	false	true	false	false	5.0	25 км/ч	13 кг	25 км	250 W	true	false	None	false
Ninebot eKickScooter Zing E8	Ninebot	false	true	false	true	false	true	false	false	0.0	14 км/ч	8 кг	10 км	130 W	false	false	None	true
Ninebot eKickScooter Zing E10	Ninebot	false	true	false	true	false	true	false	false	5.0	16 км/ч	8 кг	10 км	150 W	false	false	None	true
Inokim Mini 2	Inokim	false	true	false	true	false	true	false	false	0.0	25 км/ч	10 кг	28 км	250 W	false	true	Saint-Petersburg	false
Inmotion L9	Inmotion	false	true	false	true	false	true	false	false	0.0	40 км/ч	23 кг	50 км	500 W	true	true	Saint-Petersburg	false
Yamato PES 0809	Yamato	false	true	false	true	false	true	false	false	5.0	30 км/ч	11 кг	25 км	300 W	false	false	None	false
Yamato PES 0810	Yamato	false	true	false	true	false	true	false	false	5.0	30 км/ч	12 кг	25 км	250 W	true	true	Saint-Petersburg	false
Yamato PES Mini	Yamato	false	true	false	true	false	true	false	false	5.0	25 км/ч	8 кг	15 км	180 W	true	false	None	false
Yamato PES 0809 PRO	Yamato	false	true	false	true	false	true	false	false	5.0	30 км/ч	13 кг	35 км	300 W	false	false	None	false
Speedway mini 4 PRO	MiniMotors	false	true	true	true	false	true	false	false	5.0	45 км/ч	16 кг	50 км	500 W	true	true	Saint-Petersburg	false
MaxSpeed X8 48V 13Ah	Maxspeed	false	true	false	true	false	true	false	false	0.0	45 км/ч	17 кг	55 км	500 W	false	false	None	false
MaxSpeed X8 36V 10Ah	Maxspeed	false	true	false	true	false	true	false	false	5.0	35 км/ч	16 кг	35 км	400 W	false	true	Saint-Petersburg	false
iconBIT Kick Scooter Tracer	IconBIT	false	true	false	true	false	true	false	false	0.0	25 км/ч	11 кг	20 км	250 W	true	true	Saint-Petersburg	false
Kugoo Light	Kugoo	false	true	true	true	false	true	false	false	5.0	25 км/ч	14 кг	25 км	350 W	true	true	Saint-Petersburg	false
Nextdrive N4 S	Next Drive	false	true	false	true	false	true	false	false	5.0	25 км/ч	12 кг	30 км	350 W	false	false	None	false
Euro Scooter	RXScooter	false	true	true	true	false	true	false	false	5.0	30 км/ч	12 кг	30 км	350 W	false	false	None	false
E-scooter F3	E Scooter	false	true	false	true	false	true	false	false	5.0	35 км/ч	12 кг	30 км	350 W	false	false	None	false
Jetson L8 Синий	Kugoo	false	true	false	true	false	true	false	false	5.0	22 км/ч	11 кг	15 км	250 W	false	false	None	false
Jetson L8 Зеленый	RXScooter	false	true	false	true	false	true	false	false	5.0	22 км/ч	11 кг	15 км	250 W	true	true	Saint-Petersburg	false
Jetson L9	Jetson L9	false	true	false	true	false	true	false	false	0.0	20 км/ч	12 кг	25 км	350 W	true	false	None	false
Joyor F5S+	Joyor	false	true	false	true	false	true	false	false	5.0	25 км/ч	15 кг	50 км	500 W	true	true	Saint-Petersburg	false
Maxspeed mini 5	Maxspeed	false	true	false	true	false	true	false	false	4.888889000000001	45 км/ч	19 кг	55 км	600 W	false	true	Saint-Petersburg	false
Kugoo ES2 Белый	Kugoo	false	true	false	true	false	true	false	false	5.0	35 км/ч	13 кг	25 км	350 W	true	false	None	false
Joyor F3	Joyor	false	true	false	true	false	true	false	false	0.0	35 км/ч	13 кг	40 км	350 W	false	false	None	false
Joyor F5	Joyor	false	true	false	true	false	true	false	false	0.0	25 км/ч	15 кг	60 км	350 W	true	true	Saint-Petersburg	false
Joyor F5+	Joyor	false	true	false	true	false	true	false	false	0.0	25 км/ч	15 кг	60 км	350 W	false	false	None	false
AOVO PRO APP	AOVO	false	true	false	true	false	true	false	false	4.875	30 км/ч	13 кг	35 км	350 W	true	true	Saint-Petersburg	false
Starway Z8 48V10.4Ah	Starway	false	true	false	true	false	true	false	false	5.0	40 км/ч	17 кг	35 км	500 W	true	false	None	false
Kugoo HX (Jilong)  Серый	Kugoo	false	true	false	true	false	true	false	false	0.0	25 км/ч	13 кг	25 км	350 W	true	true	Saint-Petersburg	false
Kugoo HX Pro (Jilong) Серый	Kugoo	false	true	false	true	false	true	false	false	0.0	30 км/ч	14 кг	45 км	350 W	true	false	None	false
Kingsong N10 460Wh LG	KingSong	false	true	true	true	false	true	false	false	0.0	45 км/ч	17 кг	35 км	500 W	true	true	Saint-Petersburg	false
KingSong N10 48V 505Wh LG	KingSong	false	true	true	true	false	true	false	false	0.0	40 км/ч	16 кг	50 км	500 W	true	true	Saint-Petersburg	false
Ninebot ES2 V1.7	Ninebot	false	true	false	true	false	true	false	false	5.0	25 км/ч	12 кг	25 км	300 W	false	false	None	true
Starway Z8 48V 13Ah	Starway	false	true	false	true	false	true	false	false	5.0	40 км/ч	18 кг	35 км	500 W	false	true	Saint-Petersburg	false
Halten Junior	Halten	false	true	false	true	false	false	false	false	4.75	10 км/ч	4 кг	10 км	150 W	true	false	None	false
GT M4 Pro 17Ah	GT	false	true	false	true	false	true	false	false	0.0	45 км/ч	24 кг	40 км	500 W	false	false	None	false
GT M4 Pro 13Ah	GT	false	true	false	true	false	true	false	false	0.0	45 км/ч	23 кг	35 км	500 W	false	false	None	false
GT M2 Pro	GT	false	true	false	true	false	true	false	false	0.0	30 км/ч	15 кг	30 км	350 W	false	true	Saint-Petersburg	false
GT S3 Pro	GT	false	true	true	true	false	true	false	false	0.0	35 км/ч	13 кг	27 км	350 W	true	false	None	false
E-Twow GT 2020	GT	false	true	false	true	false	true	false	false	0.0	30 км/ч	11 кг	25 км	350 W	false	false	None	false
iconBIT Kick Scooter E70	IconBIT	false	true	false	true	false	true	false	false	0.0	25 км/ч	8 кг	10 км	250 W	true	true	Saint-Petersburg	false
iconBIT Kick Scooter E80	IconBIT	false	true	false	true	false	true	false	false	0.0	25 км/ч	10 кг	25 км	250 W	false	false	None	false
iconBIT Kick Scooter TT	IconBIT	false	true	false	true	false	true	false	false	0.0	20 км/ч	6 кг	15 км	250 W	true	false	None	false
iconBIT Kick Scooter Delta pro	IconBIT	false	true	false	true	false	true	false	false	0.0	25 км/ч	10 кг	20 км	350 W	false	false	None	false
iconBIT Kick Scooter TT v8	IconBIT	false	true	false	true	false	true	false	false	0.0	25 км/ч	11 кг	15 км	350 W	true	false	None	false
Maxspeed mini 4 pro Чёрный	Maxspeed	false	true	true	false	true	true	false	false	5.0	45 км/ч	16 кг	40 км	500 W	false	true	Saint-Petersburg	false
Maxspeed mini 4S	Maxspeed	false	true	false	true	false	true	false	false	5.0	40 км/ч	18 кг	40 км	500 W	true	true	Saint-Petersburg	false
Yokamura i8 new 2020	Yokamura	false	true	false	true	false	true	false	false	2.0	45 км/ч	21 кг	40 км	500 W	true	true	Saint-Petersburg	false
Электросамокат 1202 15.4Ah LG	RXScooter	false	true	true	false	true	true	false	false	5.0	30 км/ч	20 кг	55 км	500 W	true	false	None	false
KingSong N10 plus 48V 768Wh	KingSong	false	true	false	true	false	true	false	false	0.0	40 км/ч	19 кг	50 км	600 W	true	true	Saint-Petersburg	false
City Cruiser	RXScooter	false	true	false	true	false	true	false	false	5.0	35 км/ч	13 кг	30 км	350 W	true	false	None	false
SPEEDWAY MINI 4 starway	Starway	false	true	false	true	false	true	false	false	5.0	40 км/ч	16 кг	35 км	350 W	true	true	Saint-Petersburg	false
Xiaomi Mijia m365 EURO Белый	Xiaomi	false	true	false	true	false	true	false	false	5.0	25 км/ч	12 кг	30 км	250 W	true	true	Saint-Petersburg	true
Kugoo M2 Pro Серый	Kugoo	false	true	false	true	false	true	false	false	5.0	30 км/ч	15 кг	30 км	350 W	true	true	Saint-Petersburg	false
Xiaomi Mijia m365 Чёрный	Xiaomi	false	true	false	true	false	true	false	false	5.0	25 км/ч	12 кг	30 км	250 W	false	true	Saint-Petersburg	true
Xiaomi Mijia m365 Pro	Xiaomi	false	true	false	true	false	true	false	false	4.5	25 км/ч	14 кг	45 км	300 W	true	false	None	true
Maxspeed mini 4 pro Голубой	Maxspeed	false	true	true	true	false	true	false	false	5.0	45 км/ч	16 кг	40 км	500 W	false	true	Saint-Petersburg	false
Maxspeed mini 4 pro Белый	Maxspeed	false	true	true	true	false	true	false	false	5.0	45 км/ч	16 кг	40 км	500 W	true	false	None	false
Kugoo ES3 Зелёный	Kugoo	false	true	true	false	true	true	false	false	0.0	30 км/ч	18 кг	35 км	500 W	true	false	None	false
Kugoo ES3 Красный	Kugoo	false	true	true	false	true	true	false	false	5.0	30 км/ч	18 кг	35 км	500 W	false	false	None	false
Kugoo ES3 Белый	Kugoo	false	true	true	false	true	true	false	false	5.0	30 км/ч	18 кг	35 км	500 W	false	false	None	false
Ninebot Kickscooter Max G30P	Ninebot	false	true	false	true	false	true	false	false	0.0	30 км/ч	19 кг	65 км	350 W	true	true	Saint-Petersburg	true
MiniPro Tri-Scooter	Minipro	false	true	true	true	false	true	false	true	0.0	25 км/ч	11 кг	30 км	350 W	false	true	Saint-Petersburg	false
MiniPro S4	Minipro	false	true	true	true	false	true	false	false	0.0	25 км/ч	11 кг	20 км	350 W	true	false	None	false
MiniPro Mi605	Minipro	false	true	true	true	false	true	false	false	0.0	30 км/ч	12 кг	30 км	350 W	true	false	None	false
MiniPro Mi618 48V 13Ah	Minipro	false	true	true	true	false	true	true	false	0.0	45 км/ч	27 кг	30 км	500 W	true	true	Saint-Petersburg	false
Electric Scooter  S3 GT	Electric Scooter	false	true	false	true	false	true	false	false	5.0	35 км/ч	11 кг	25 км	350 W	false	true	Saint-Petersburg	false
Artway X9	Artway	false	true	false	true	false	true	false	false	0.0	25 км/ч	12 кг	18 км	350 W	true	false	None	false
Scooter E9	RXScooter	false	true	false	true	false	true	false	false	0.0	15 км/ч	8 кг	10 км	150 W	false	false	None	false
Electric Scooter m365 Чёрный	Electric Scooter	false	true	false	true	false	true	false	false	0.0	25 км/ч	12 кг	30 км	250 W	false	false	None	false
iBalance ES-1	iBalance	false	true	false	true	false	true	false	false	0.0	35 км/ч	12 кг	30 км	350 W	false	false	None	false
Joyor X1 Чёрный	Joyor	false	true	false	true	false	true	false	false	0.0	35 км/ч	13 кг	35 км	400 W	true	true	Saint-Petersburg	false
Kingsong N8 480Wh	KingSong	false	true	true	true	false	true	false	false	0.0	30 км/ч	16 кг	45 км	500 W	false	false	None	false
Kugoo M2 Черный	Kugoo	false	true	true	true	false	true	false	false	5.0	30 км/ч	19 кг	35 км	350 W	true	false	None	false
Электросамокат MINIPRO MI618	Minipro	false	true	true	true	false	true	true	false	0.0	40 км/ч	18 кг	30 км	500 W	true	true	Saint-Petersburg	false
MINIPRO MI118	Minipro	false	true	false	true	false	true	false	false	0.0	25 км/ч	12 кг	30 км	350 W	true	true	Saint-Petersburg	false
MiniPro S2	Minipro	false	true	true	true	false	true	false	false	0.0	25 км/ч	14 кг	20 км	350 W	false	false	None	false
E-Scooter S4	Kugoo	false	true	true	true	false	true	false	false	0.0	30 км/ч	12 кг	30 км	250 W	false	false	None	false
Iconbit Kick Scooter UNICORN	IconBIT	true	false	false	true	false	true	false	false	0.0	6 км/ч	5 кг	10 км	120 W	false	false	None	false
IceWheel S7	IceWheel	false	true	true	true	false	true	false	false	5.0	30 км/ч	16 кг	45 км	500 W	false	false	None	false
Электросамокат с гидроизоляцией Aqua ES-8	AQUA	false	true	false	true	false	true	false	false	0.0	35 км/ч	11 кг	40 км	350 W	false	true	Saint-Petersburg	false
Halten Smile	Halten	false	true	false	true	false	true	false	false	0.0	25 км/ч	10 кг	16 км	250 W	false	false	None	false
Halten Smile Красный	Halten	false	true	false	true	false	true	false	false	5.0	25 км/ч	10 кг	16 км	250 W	false	false	None	false
Joyor F1	Joyor	false	true	false	true	false	true	false	false	5.0	30 км/ч	14 кг	27 км	350 W	false	false	None	false
Minipro Mi158	Minipro	false	true	false	true	false	true	false	false	0.0	25 км/ч	13 кг	20 км	250 W	true	true	Saint-Petersburg	false
Minipro Mi626	Minipro	false	true	false	true	false	true	false	false	0.0	30 км/ч	14 кг	35 км	350 W	true	false	None	false
Minipro Mi606	Minipro	false	true	false	true	false	true	false	false	5.0	30 км/ч	13 кг	28 км	350 W	true	true	Saint-Petersburg	false
Joyor Y1	Joyor	false	true	true	true	false	true	false	false	0.0	35 км/ч	15 кг	35 км	400 W	false	true	Saint-Petersburg	false
Baikli Passion	RXScooter	false	true	true	true	false	true	false	false	4.0	45 км/ч	18 кг	50 км	400 W	true	false	None	false
Osota MiniMax	Osota	false	true	true	true	false	true	false	false	0.0	30 км/ч	18 кг	35 км	350 W	true	false	None	false
IconBIT Kick Scooter T70	IconBIT	true	false	false	true	false	true	false	false	0.0	25 км/ч	8 кг	10 км	250 W	false	true	Saint-Petersburg	false
Halten RS-01 V1	Halten	false	true	false	true	false	true	false	false	0.0	45 км/ч	18 кг	45 км	500 W	false	true	Saint-Petersburg	false
MiniPro S3+	Minipro	false	true	true	true	false	true	false	false	0.0	30 км/ч	11 кг	30 км	350 W	false	false	None	false
MiniPro S3	Minipro	false	true	true	true	false	true	false	false	0.0	30 км/ч	11 кг	25 км	350 W	true	false	None	false
MiniPro Mi656	Minipro	false	true	true	true	false	true	true	false	0.0	25 км/ч	18 кг	35 км	350 W	false	true	Saint-Petersburg	false
MiniPro Mi625	Minipro	false	true	true	true	false	true	true	false	0.0	25 км/ч	13 кг	20 км	350 W	false	true	Saint-Petersburg	false
Smart 36V	Smart	false	true	true	true	false	true	false	false	0.0	40 км/ч	17 кг	40 км	400 W	false	true	Saint-Petersburg	false
IconBIT Kick Scooter Street Max	IconBIT	false	true	false	true	false	true	false	false	0.0	35 км/ч	12 кг	10 км	350 W	true	true	Saint-Petersburg	false
Bremer X6	RXScooter	false	true	false	true	false	true	false	true	4.0	25 км/ч	10 кг	15 км	250 W	true	true	Saint-Petersburg	false
Halten Smile Жёлтый	Halten	false	true	false	true	false	true	false	false	5.0	25 км/ч	10 кг	16 км	250 W	false	true	Saint-Petersburg	false
Subor XMF-03	Subor	false	true	true	true	false	false	false	false	5.0	45 км/ч	17 кг	50 км	500 W	false	false	None	false
Ultron T108 V.3.1	Ultron	false	true	true	false	true	true	true	false	0.0	85 км/ч	46 кг	95 км	3000 W	false	true	Saint-Petersburg	false
Jasion ES PRO	RXScooter	false	true	false	true	false	true	false	false	0.0	25 км/ч	10 кг	35 км	250 W	false	false	None	false
Airwheel Z3T	Airwheel	false	true	false	true	false	true	false	false	0.0	20 км/ч	11 кг	25 км	350 W	false	true	Saint-Petersburg	false
Subor L9	Subor	false	true	false	true	false	false	false	false	5.0	20 км/ч	9 кг	25 км	300 W	true	false	None	false
Kugoo M2 Pro Розовый	Kugoo	false	true	false	true	false	true	false	false	5.0	30 км/ч	15 кг	30 км	350 W	true	false	None	false
Adasmart TT	Adasmart	false	true	false	true	false	true	false	false	0.0	35 км/ч	12 кг	30 км	350 W	true	false	None	false
Speedway mini 4 36V 10.4Ah	MiniMotors	false	true	true	true	false	true	false	false	0.0	40 км/ч	16 кг	35 км	700 W	true	false	None	false
Speedway mini 4 36V 21Ah	MiniMotors	false	true	true	true	false	true	false	false	4.0	45 км/ч	16 кг	60 км	700 W	false	false	None	false
ImmotorGo	RXScooter	false	true	false	true	false	true	false	true	5.0	25 км/ч	13 кг	18 км	350 W	false	false	None	false
Inokim Light 2	Inokim	false	true	false	true	false	true	false	false	0.0	25 км/ч	12 кг	30 км	300 W	true	false	None	false
ZAR	ZAR	false	true	false	true	false	true	false	true	0.0	20 км/ч	6 кг	20 км	200 W	true	false	None	false
FastWheel F0	Fastwheel	false	true	false	true	false	true	false	false	0.0	30 км/ч	9 кг	25 км	210 W	true	true	Saint-Petersburg	false
Carbon	Jack Hot	false	true	false	true	false	true	false	false	5.0	28 км/ч	6 кг	15 км	250 W	false	true	Saint-Petersburg	false
LeEco VIPER-A	LeEco	false	true	false	true	false	true	false	false	0.0	20 км/ч	7 кг	14 км	250 W	false	false	None	false
Escooter Autoskate	E Scooter	false	true	false	true	false	true	false	false	0.0	30 км/ч	9 кг	20 км	350 W	true	false	None	false
Thunder Wheel DC-1	RXScooter	false	true	false	true	false	true	false	true	5.0	20 км/ч	9 кг	25 км	250 W	true	false	None	false
Электросамокат Aqua Street	AQUA	false	true	false	true	false	true	false	false	0.0	25 км/ч	10 кг	25 км	250 W	true	true	Saint-Petersburg	false
Детский электросамокат Aqua Racer	AQUA	false	true	false	true	false	true	false	false	0.0	30 км/ч	14 кг	30 км	400 W	true	true	Saint-Petersburg	false
Электрический самокат с аквазащитой Aqua ES-9 Pro	AQUA	false	true	false	true	false	true	false	false	0.0	25 км/ч	12 кг	25 км	350 W	true	true	Saint-Petersburg	false
Электросамокат для взрослых Aqua ES-8 Pro	AQUA	false	true	false	true	false	true	false	false	0.0	30 км/ч	11 кг	30 км	350 W	true	false	None	false
Электросамокат Aqua EL-8	AQUA	false	true	false	true	false	true	false	false	0.0	15 км/ч	8 кг	10 км	150 W	true	true	Saint-Petersburg	false
Jack Hot Carbon Чёрный 4.4 Ah	Jack Hot	false	true	false	true	false	true	false	false	0.0	25 км/ч	7 кг	12 км	250 W	false	true	Saint-Petersburg	false
Joyor X5S	Joyor	false	true	false	true	false	true	false	false	0.0	35 км/ч	16 кг	55 км	500 W	false	true	Saint-Petersburg	false
Jack Hot AL Чёрный 4.4 Ah	Jack Hot	false	true	false	true	false	true	false	false	5.0	20 км/ч	7 кг	15 км	250 W	true	true	Saint-Petersburg	false
Jack Hot Carbon Pro Чёрный 7,8 Ah	Jack Hot	false	true	false	true	false	true	false	false	5.0	30 км/ч	6 кг	30 км	250 W	true	false	None	false
Jack Hot AL Чёрный 10.4 Ah	Jack Hot	false	true	false	true	false	true	false	false	5.0	25 км/ч	7 кг	25 км	250 W	false	true	Saint-Petersburg	false
Jack Hot AL + Carbon Чёрный 10.4 Ah	Jack Hot	false	true	false	true	false	true	false	false	5.0	25 км/ч	7 кг	25 км	250 W	true	true	Saint-Petersburg	false
Jack Hot AL + Carbon Чёрный 8,8 Ah	Jack Hot	false	true	false	true	false	true	false	false	5.0	25 км/ч	7 кг	25 км	250 W	false	true	Saint-Petersburg	false
Jack Hot AL Чёрный 8.8 Ah	Jack Hot	false	true	false	true	false	true	false	false	5.0	25 км/ч	7 кг	20 км	250 W	false	false	None	false
Jack Hot AL + Carbon Белый 8,8 Ah	Jack Hot	false	true	false	true	false	true	false	false	5.0	25 км/ч	7 кг	25 км	250 W	false	true	Saint-Petersburg	false
Jack Hot AL + Carbon Жёлтый 8,8 Ah	Jack Hot	false	true	false	true	false	true	false	false	0.0	25 км/ч	7 кг	25 км	250 W	false	true	Saint-Petersburg	false
Jack Hot AL + Carbon Розовый 8,8 Ah	Jack Hot	false	true	false	true	false	true	false	false	5.0	25 км/ч	7 кг	25 км	250 W	true	true	Saint-Petersburg	false
Jack Hot AL + Carbon Зелёный 8,8 Ah	Jack Hot	false	true	false	true	false	true	false	false	5.0	25 км/ч	7 кг	25 км	250 W	false	false	None	false
Jack Hot AL Синий 8.8 Ah	Jack Hot	false	true	false	true	false	true	false	false	0.0	25 км/ч	7 кг	20 км	250 W	false	false	None	false
Jack Hot AL Розовый 8.8 Ah	Jack Hot	false	true	false	true	false	true	false	false	5.0	25 км/ч	7 кг	20 км	250 W	false	true	Saint-Petersburg	false
Jack Hot AL Бронзовый 8,8 Ah	Jack Hot	false	true	false	true	false	true	false	false	5.0	25 км/ч	7 кг	20 км	250 W	true	true	Saint-Petersburg	false
Jack Hot AL + Carbon Белый 10.4 Ah	Jack Hot	false	true	false	true	false	true	false	false	0.0	25 км/ч	7 кг	25 км	250 W	false	false	None	false
Jack Hot AL + Carbon Розовый 10.4 Ah	Jack Hot	false	true	false	true	false	true	false	false	0.0	25 км/ч	7 кг	25 км	250 W	true	false	None	false
Jack Hot AL + Carbon Жёлтый 10.4 Ah	Jack Hot	false	true	false	true	false	true	false	false	0.0	25 км/ч	7 кг	25 км	250 W	false	true	Saint-Petersburg	false
Jack Hot Carbon Pro Серебро 10.4 Ah	Jack Hot	false	true	false	true	false	true	false	false	0.0	30 км/ч	7 кг	30 км	250 W	true	true	Saint-Petersburg	false
Jack Hot Carbon Pro Салатовый 10.4 Ah	Jack Hot	false	true	false	true	false	true	false	false	0.0	30 км/ч	7 кг	30 км	250 W	false	false	None	false
Jack Hot Carbon Pro Жёлтый 10.4 Ah	Jack Hot	false	true	false	true	false	true	false	false	0.0	30 км/ч	7 кг	30 км	250 W	false	false	None	false
Jack Hot Carbon Pro Розовый 10.4 Ah	Jack Hot	false	true	false	true	false	true	false	false	0.0	30 км/ч	7 кг	30 км	250 W	true	false	None	false
Jack Hot AL Серебро 10,4 Ah	Jack Hot	false	true	false	true	false	true	false	false	0.0	25 км/ч	7 кг	25 км	250 W	false	true	Saint-Petersburg	false
Jack Hot Carbon Pro Белый 7,8 Ah	Jack Hot	false	true	false	true	false	true	false	false	0.0	30 км/ч	6 кг	30 км	250 W	true	false	None	false
Jack Hot Carbon Pro Жёлтый 7,8 Ah	Jack Hot	false	true	false	true	false	true	false	false	0.0	30 км/ч	6 кг	30 км	250 W	true	false	None	false
Jack Hot Carbon Pro Розовый 7,8 Ah	Jack Hot	false	true	false	true	false	true	false	false	0.0	30 км/ч	6 кг	30 км	250 W	true	true	Saint-Petersburg	false
Jack Hot Carbon Pro Серебро 7,8 Ah	Jack Hot	false	true	false	true	false	true	false	false	5.0	30 км/ч	6 кг	30 км	250 W	true	true	Saint-Petersburg	false
Jack Hot Carbon Pro Салатовый 7,8 Ah	Jack Hot	false	true	false	true	false	true	false	false	5.0	30 км/ч	7 кг	30 км	250 W	false	true	Saint-Petersburg	false
Jack Hot Carbon Белый 4.4 Ah	Jack Hot	false	true	false	true	false	true	false	false	0.0	20 км/ч	7 кг	15 км	250 W	false	true	Saint-Petersburg	false
Jack Hot AL Белый 4.4 Ah	Jack Hot	false	true	false	true	false	true	false	false	0.0	25 км/ч	7 кг	12 км	250 W	true	false	None	false
Jack Hot AL Бронзовый 4.4 Ah	Jack Hot	false	true	false	true	false	true	false	false	0.0	25 км/ч	7 кг	12 км	250 W	true	false	None	false
Razor E300S Серый	Razor	true	false	false	true	false	false	false	false	0.0	24 км/ч	21 кг	15 км	250 W	true	true	Saint-Petersburg	false
Razor E300S Бело-синий	Razor	true	false	false	true	false	false	false	false	5.0	24 км/ч	21 кг	15 км	250 W	true	true	Saint-Petersburg	false
Razor E300 Серый	Razor	true	false	false	true	false	false	false	false	0.0	24 км/ч	21 кг	15 км	250 W	false	false	None	false
Razor E300 Бело-синий	Razor	true	false	false	true	false	false	false	false	0.0	24 км/ч	21 кг	15 км	250 W	false	false	None	false
Razor Power Core E100 Фиолетовый	Razor	true	false	false	true	false	false	false	false	5.0	18 км/ч	12 кг	25 км	100 W	true	true	Saint-Petersburg	false
Razor Power Core E100 Синий	Razor	true	false	false	true	false	false	false	false	0.0	18 км/ч	12 кг	25 км	100 W	true	true	Saint-Petersburg	false
Kaabo Air-White	KAABO	false	true	false	true	false	true	false	false	0.0	25 км/ч	11 кг	30 км	350 W	false	true	Saint-Petersburg	false
AOVO S3 App	AOVO	false	true	false	true	false	true	false	false	4.5	30 км/ч	12 кг	30 км	350 W	false	true	Saint-Petersburg	false
Power Core E90 Розовый	Razor	true	false	false	true	false	false	false	false	0.0	16 км/ч	5 кг	24 км	90 W	false	true	Saint-Petersburg	false
Power Core E90 Зелёный	Razor	true	false	false	true	false	false	false	false	0.0	16 км/ч	5 кг	24 км	90 W	false	true	Saint-Petersburg	false
Power Core E90 Glow	Razor	true	false	false	true	false	false	false	false	0.0	16 км/ч	5 кг	24 км	90 W	false	true	Saint-Petersburg	false
Razor Power A2	Razor	true	false	false	true	false	true	false	false	0.0	16 км/ч	6 кг	10 км	130 W	false	false	None	false
Razor E Prime	Razor	true	false	false	true	false	true	false	false	0.0	24 км/ч	10 кг	20 км	250 W	false	true	Saint-Petersburg	false
Jack Hot Carbon Pro Чёрный 10.4 Ah	Jack Hot	false	true	false	true	false	true	false	false	0.0	30 км/ч	7 кг	30 км	250 W	false	true	Saint-Petersburg	false
Jack Hot AL Серебро 4.4 Ah	Jack Hot	false	true	false	true	false	true	false	false	0.0	25 км/ч	7 кг	12 км	250 W	true	false	None	false
Jack Hot AL Салатовый 4.4 Ah	Jack Hot	false	true	false	true	false	true	false	false	5.0	25 км/ч	7 кг	12 км	250 W	true	true	Saint-Petersburg	false
Jack Hot AL Синий 4.4 Ah	Jack Hot	false	true	false	true	false	true	false	false	0.0	25 км/ч	7 кг	12 км	250 W	true	false	None	false
Jack Hot AL Розовый 4.4 Ah	Jack Hot	false	true	false	true	false	true	false	false	0.0	25 км/ч	7 кг	12 км	250 W	false	false	None	false
Jack Hot AL Красный 4.4 Ah	Jack Hot	false	true	false	true	false	true	false	false	4.0	25 км/ч	7 кг	12 км	250 W	true	true	Saint-Petersburg	false
Tanko T2	RXScooter	false	true	false	true	false	true	false	false	2.0	12 км/ч	10 кг	10 км	120 W	false	true	Saint-Petersburg	false
RND R1	RXScooter	false	true	false	true	false	true	false	false	0.0	20 км/ч	9 кг	20 км	250 W	true	true	Saint-Petersburg	false
Alligator V2 3200W 26Ah	Alligator	false	true	true	false	true	true	true	false	5.0	85 км/ч	35 кг	80 км	3200 W	true	true	Saint-Petersburg	false
Alligator V2 3200W 24Ah контроллер 45А	Alligator	false	true	true	false	true	true	true	false	5.0	85 км/ч	38 кг	70 км	3200 W	true	false	None	false
Alligator V2 3200W 32Ah LG	Alligator	false	true	true	false	true	true	true	false	5.0	85 км/ч	35 кг	100 км	3200 W	false	true	Saint-Petersburg	false
Currus M10 V2 2020	Currus	false	true	true	false	true	true	true	false	5.0	65 км/ч	40 кг	90 км	2200 W	false	false	None	false
Kugoo M4 Pro 17Ah Jilong NEW (2020)	Kugoo	false	true	true	false	true	true	false	false	4.818182	55 км/ч	22 кг	50 км	600 W	true	false	None	false
Kugoo M4 Pro 18Ah Jilong NEW (2020)	Kugoo	false	true	true	false	true	true	false	false	4.833333	55 км/ч	22 кг	53 км	600 W	true	true	Saint-Petersburg	false
Starway Z9  (48V/13AH)	Starway	false	true	true	true	false	true	false	false	5.0	50 км/ч	19 кг	60 км	600 W	false	false	None	false
Kugoo M4 Pro 13,5Ah Jilong NEW 2020	Kugoo	false	true	true	false	true	true	false	false	5.0	45 км/ч	22 кг	40 км	600 W	false	false	None	false
Kugoo M4 Jilong 11Ah чёрный	Kugoo	false	true	true	true	false	true	false	false	4.8	45 км/ч	19 кг	30 км	500 W	true	false	None	false
Smart 1200 V2	Smart	false	true	true	false	true	true	false	false	5.0	45 км/ч	25 кг	50 км	1200 W	true	true	Saint-Petersburg	false
Smart 2400 V2	Smart	false	true	true	false	true	true	true	false	5.0	60 км/ч	30 кг	50 км	2400 W	false	false	None	false
Viper Nano	Viper	false	true	false	false	true	true	true	false	5.0	60 км/ч	32 кг	90 км	1600 W	false	true	Saint-Petersburg	false
Aqiho DD Evolution V2 2400W 52V 26Ah	Aqiho	false	true	true	false	true	true	true	false	5.0	60 км/ч	28 кг	90 км	2400 W	true	false	None	false
Kugoo G2 Pro 15 Ah Jilong	Kugoo	false	true	false	false	true	true	false	false	5.0	50 км/ч	25 кг	50 км	1000 W	true	true	Saint-Petersburg	false
Kugoo G-Max (Jilong)	Kugoo	false	true	false	true	false	true	false	false	5.0	30 км/ч	20 кг	32 км	500 W	true	false	None	false
Kugoo X8	Kugoo	false	true	false	true	false	true	true	false	5.0	55 км/ч	32 кг	60 км	1600 W	true	false	None	false
Kugoo С1 plus	Kugoo	false	true	true	true	false	false	false	false	5.0	45 км/ч	21 кг	35 км	500 W	false	true	Saint-Petersburg	false
Kugoo C1 Jilong	Kugoo	false	true	true	false	true	true	false	false	5.0	35 км/ч	22 кг	35 км	500 W	false	false	None	false
Kugoo G-Booster New 2020 Jilong	Kugoo	false	true	true	false	true	true	true	false	5.0	60 км/ч	24 кг	70 км	2400 W	true	true	Saint-Petersburg	false
Kugoo G1 (Jilong)	Kugoo	false	true	false	false	true	true	true	false	5.0	60 км/ч	37 кг	60 км	2000 W	true	false	None	false
Kugoo GX Jilong	Kugoo	false	true	true	false	true	true	true	false	5.0	60 км/ч	50 кг	85 км	2400 W	false	true	Saint-Petersburg	false
Ninebot by Segway KickScooter ES1L	Ninebot	false	true	true	true	false	true	false	false	5.0	20 км/ч	12 кг	20 км	250 W	false	true	Saint-Petersburg	true
Starway Hero S9 48V 13Ah	Starway	false	true	false	true	false	true	false	false	5.0	45 км/ч	20 кг	45 км	600 W	false	false	None	false
Starway Hero S9 48V 21Ah	Starway	false	true	false	true	false	true	false	false	5.0	45 км/ч	20 кг	60 км	600 W	false	true	Saint-Petersburg	false
Ultron T11 plus	Ultron	false	true	false	false	true	true	true	false	0.0	70 км/ч	38 кг	70 км	1600 W	true	true	Saint-Petersburg	false
Kugoo Kirin GX Pro	Kugoo	false	true	false	false	true	true	true	false	0.0	90 км/ч	39 кг	70 км	5000 W	false	true	Saint-Petersburg	false
MINIPRO MI508+ 36V 13Ah	Minipro	false	true	true	true	false	true	false	false	0.0	48 км/ч	22 кг	35 км	350 W	false	true	Saint-Petersburg	false
El-sport street dual motor 48V 15Ah	El-sport	false	true	true	true	false	true	true	false	0.0	45 км/ч	26 кг	45 км	1000 W	false	true	Saint-Petersburg	false
Joyor Y7-S	Joyor	false	true	false	true	false	true	false	false	0.0	40 км/ч	22 кг	80 км	500 W	true	true	Saint-Petersburg	false
Yokamura Raptor 11 new 2020	Yokamura	false	true	true	false	true	true	true	false	5.0	90 км/ч	40 кг	70 км	6000 W	true	false	None	false
Yokamura Ultra new 2020	Yokamura	false	true	true	false	true	true	true	false	5.0	80 км/ч	52 кг	100 км	5000 W	false	false	None	false
Halten RS-03 V1	Halten	false	true	true	false	true	true	true	false	4.666667	65 км/ч	36 кг	60 км	2400 W	false	true	Saint-Petersburg	false
Yokamura G new 2020	Yokamura	false	true	true	false	true	true	true	false	0.0	65 км/ч	33 кг	70 км	4000 W	false	false	None	false
Currus m10 52V 30Ah 2020	Currus	false	true	true	false	true	true	true	false	5.0	65 км/ч	38 кг	90 км	2400 W	true	false	None	false
Currus Z10X (Blade 10)	Currus	false	true	true	false	true	true	true	false	5.0	70 км/ч	37 кг	100 км	2400 W	true	false	None	false
Midway Andy	Midway	false	true	true	true	false	true	false	false	0.0	30 км/ч	16 кг	35 км	350 W	true	true	Saint-Petersburg	false
Midway i-Max Pro	Midway	false	true	true	true	false	true	false	false	5.0	35 км/ч	22 кг	45 км	600 W	true	true	Saint-Petersburg	false
Midway i-Max	Midway	false	true	true	true	false	true	false	false	0.0	30 км/ч	21 кг	40 км	400 W	true	false	None	false
Halten Flash	Halten	false	true	false	true	false	true	false	false	0.0	30 км/ч	15 кг	45 км	350 W	false	false	None	false
Yokamura Raptor 13 35Аh new 2020	Yokamura	false	true	true	false	true	true	true	false	0.0	80 км/ч	45 кг	70 км	5000 W	true	false	None	false
Yokamura Raptor 13 40Аh new 2020	Yokamura	false	true	true	false	true	true	true	false	0.0	80 км/ч	45 кг	70 км	5000 W	true	true	Saint-Petersburg	false
MiniPro M5 48V 1500W	Minipro	false	true	true	true	false	true	false	false	5.0	50 км/ч	35 кг	65 км	1500 W	false	true	Saint-Petersburg	false
MiniPro M3 48V 1200W	Minipro	false	true	true	true	false	true	false	false	0.0	45 км/ч	35 кг	45 км	1200 W	false	false	None	false
MiniPro Mi506	Minipro	false	true	true	true	false	true	false	false	0.0	30 км/ч	20 кг	30 км	350 W	false	true	Saint-Petersburg	false
MiniPro Mi502	Minipro	false	true	true	true	false	true	false	false	0.0	30 км/ч	12 кг	35 км	350 W	false	false	None	false
MiniPro Mi668	Minipro	false	true	true	true	false	true	false	false	0.0	30 км/ч	21 кг	35 км	350 W	false	false	None	false
GT S3 Aqua	GT	false	true	true	true	false	true	false	false	0.0	30 км/ч	11 кг	20 км	350 W	false	true	Saint-Petersburg	false
iBalance Athlet V5	iBalance	false	true	true	false	true	true	true	false	5.0	55 км/ч	39 кг	120 км	2400 W	false	true	Saint-Petersburg	false
WS Baikal 2400W 5.0	WHITE SIBERIA	false	true	true	false	true	true	true	false	5.0	60 км/ч	30 кг	100 км	2400 W	false	false	None	false
Aqiho Scorpion V2 60V 32Ah	Aqiho	false	true	true	false	true	true	true	false	5.0	75 км/ч	44 кг	100 км	3200 W	true	false	None	false
Aqiho Scorpion V2 60V 42Ah LG	Aqiho	false	true	true	false	true	true	true	false	5.0	75 км/ч	43 кг	140 км	3200 W	false	false	None	false
Aqiho DD Evolution	Aqiho	false	true	true	false	true	true	true	false	5.0	60 км/ч	31 кг	90 км	2400 W	false	false	None	false
Kugoo V pro	Kugoo	false	true	true	false	true	false	false	false	5.0	50 км/ч	57 кг	45 км	1000 W	false	false	None	false
Kugoo King	Kugoo	false	true	true	false	true	false	false	false	5.0	50 км/ч	57 кг	55 км	1000 W	true	false	None	false
Kugoo Max Speed Jilong 11Ah NEW 2020	Kugoo	false	true	true	false	true	true	false	false	5.0	55 км/ч	23 кг	30 км	600 W	false	false	None	false
Kugoo Max Speed Jilong 13Ah	Kugoo	false	true	true	false	true	true	false	false	5.0	55 км/ч	23 кг	40 км	500 W	true	true	Saint-Petersburg	false
Kugoo M5 Jilong	Kugoo	false	true	true	false	true	true	false	false	4.25	55 км/ч	35 кг	60 км	1000 W	true	true	Saint-Petersburg	false
Joyor Y10S	Joyor	false	true	true	false	true	true	true	false	0.0	35 км/ч	28 кг	80 км	1600 W	false	false	None	false
JOYOR Y5S	Joyor	false	true	true	true	false	true	false	false	0.0	35 км/ч	23 кг	50 км	500 W	false	true	Saint-Petersburg	false
Ultron X3 6000W	Ultron	false	true	true	false	true	true	false	false	5.0	85 км/ч	44 кг	80 км	6000 W	false	false	None	false
KingSong N11	KingSong	false	true	true	true	false	true	true	false	0.0	60 км/ч	25 кг	140 км	2400 W	true	true	Saint-Petersburg	false
WS-Mini R 1200W	WHITE SIBERIA	false	true	true	false	true	false	false	false	0.0	45 км/ч	39 кг	60 км	1200 W	false	false	None	false
Aqua Antares	AQUA	false	true	true	true	false	true	false	false	5.0	35 км/ч	19 кг	40 км	400 W	false	true	Saint-Petersburg	false
Starway Z9 LG (52V13AH)	Starway	false	true	true	true	false	true	false	false	5.0	50 км/ч	19 кг	55 км	600 W	false	true	Saint-Petersburg	false
Ninebot KickScooter E25	Ninebot	false	true	false	true	false	true	false	false	5.0	25 км/ч	14 кг	25 км	300 W	false	true	Saint-Petersburg	true
IconBIT Kick Scooter C65	IconBIT	false	true	false	true	false	true	false	false	0.0	20 км/ч	6 кг	15 км	250 W	false	true	Saint-Petersburg	false
Currus M10 23.4Ah 52V 2020	Currus	false	true	true	false	true	true	true	false	5.0	65 км/ч	39 кг	65 км	2400 W	true	false	None	false
Currus M10 28.8Ah 60V 2020	Currus	false	true	true	false	true	true	true	false	5.0	65 км/ч	39 кг	90 км	2400 W	false	false	None	false
Dualtron X 2	MiniMotors	false	true	true	false	true	true	true	false	0.0	110 км/ч	65 кг	150 км	8300 W	false	true	Saint-Petersburg	false
Currus M10 39.6Ah 52V 2020	Currus	false	true	true	false	true	true	true	false	5.0	65 км/ч	39 кг	108 км	2400 W	true	false	None	false
MiniPro mi818 48V 20Ah	Minipro	false	true	true	false	true	true	false	false	0.0	50 км/ч	50 кг	60 км	1000 W	false	true	Saint-Petersburg	false
MiniPro mi818 48V 16Ah	Minipro	false	true	true	false	true	true	false	false	0.0	40 км/ч	50 кг	45 км	1000 W	true	true	Saint-Petersburg	false
MiniPro mi716	Minipro	false	true	true	false	true	false	false	false	0.0	35 км/ч	29 кг	40 км	800 W	false	true	Saint-Petersburg	false
MINIPRO MI508+ 48V 16Ah	Minipro	false	true	true	true	false	true	false	false	0.0	50 км/ч	22 кг	50 км	500 W	true	true	Saint-Petersburg	false
Citycoco MiniPro C3+	Minipro	false	true	true	false	true	false	false	false	0.0	45 км/ч	37 кг	70 км	800 W	false	false	None	false
MiniPro C1+	Minipro	false	true	true	false	true	false	false	false	0.0	40 км/ч	37 кг	70 км	800 W	true	false	None	false
MiniPro Mi188	Minipro	false	true	true	true	false	true	false	false	0.0	30 км/ч	12 кг	20 км	350 W	false	true	Saint-Petersburg	false
MiniPro M4	Minipro	false	true	true	true	false	true	false	false	0.0	40 км/ч	23 кг	40 км	500 W	false	false	None	false
MiniPro C2	Minipro	false	true	true	false	true	false	false	false	0.0	40 км/ч	37 кг	70 км	800 W	true	false	None	false
MiniPro C3	Minipro	false	true	true	false	true	false	false	false	0.0	40 км/ч	37 кг	70 км	800 W	true	false	None	false
MiniPro M2	Minipro	false	true	true	false	true	false	false	false	0.0	30 км/ч	18 кг	30 км	350 W	true	true	Saint-Petersburg	false
MiniPro G booster X27	Minipro	false	true	true	false	true	false	false	false	0.0	45 км/ч	35 кг	40 км	1600 W	true	false	None	false
MiniPro G booster 3	Minipro	false	true	false	false	true	false	false	false	0.0	40 км/ч	20 кг	40 км	1000 W	false	false	None	false
MiniPro MI566	Minipro	false	true	true	true	false	true	false	false	0.0	35 км/ч	25 кг	30 км	350 W	true	true	Saint-Petersburg	false
MiniPro Mi600	Minipro	false	true	true	true	false	true	false	false	0.0	30 км/ч	18 кг	35 км	350 W	false	true	Saint-Petersburg	false
Aqiho Evolution 1200W V2 52V 26Ah	Aqiho	false	true	true	false	true	true	false	false	5.0	55 км/ч	24 кг	86 км	1200 W	false	true	Saint-Petersburg	false
Ultron T103 V.2.1	Ultron	false	true	true	false	true	true	false	false	4.5	50 км/ч	30 кг	70 км	1200 W	false	true	Saint-Petersburg	false
Ultron T11 V.4	Ultron	false	true	true	false	true	true	true	false	0.0	70 км/ч	39 кг	60 км	1600 W	true	true	Saint-Petersburg	false
Ultron T11 V.5 2021	Ultron	false	true	false	false	true	true	true	false	0.0	75 км/ч	39 кг	70 км	1600 W	false	true	Saint-Petersburg	false
Subor - W500	Subor	false	true	true	true	false	false	false	false	5.0	40 км/ч	23 кг	40 км	500 W	true	true	Saint-Petersburg	false
Ultron T10 V.3 2400W	Ultron	false	true	true	false	true	true	true	false	5.0	70 км/ч	35 кг	50 км	2400 W	false	false	None	false
Kaabo Skywalker 10S+	KAABO	false	true	true	false	true	true	true	false	0.0	65 км/ч	31 кг	90 км	2000 W	false	true	Saint-Petersburg	false
Joyor Mbike M2	Joyor	false	true	true	true	false	true	false	false	0.0	30 км/ч	17 кг	30 км	400 W	true	false	None	false
Kaabo Skywalker 8S	KAABO	false	true	false	true	false	true	false	false	5.0	45 км/ч	22 кг	40 км	800 W	true	false	None	false
Ultron X2	Ultron	false	true	false	false	true	true	true	false	0.0	70 км/ч	35 кг	60 км	2400 W	true	true	Saint-Petersburg	false
Kaabo Wolf Warrior	KAABO	false	true	false	false	true	true	true	false	5.0	80 км/ч	46 кг	75 км	2400 W	false	true	Saint-Petersburg	false
Kaabo Mantis	KAABO	false	true	false	false	true	true	true	false	5.0	80 км/ч	29 кг	120 км	2000 W	true	false	None	false
Yokamura RX1 new 2020	Yokamura	false	true	true	false	true	true	false	false	0.0	45 км/ч	26 кг	60 км	1200 W	true	false	None	false
Alligator V2 3200W 26Ah LG контроллер 45А	Alligator	false	true	true	false	true	true	true	false	5.0	85 км/ч	35 кг	80 км	3200 W	false	false	None	false
Joyor Y10	Joyor	false	true	true	false	true	true	true	false	5.0	45 км/ч	28 кг	80 км	1600 W	true	true	Saint-Petersburg	false
Hero S8	Starway	false	true	false	false	true	true	false	false	0.0	45 км/ч	24 кг	70 км	800 W	true	true	Saint-Petersburg	false
Электросамокат SmartONE MS-1 PRO	SmartONE	false	true	true	true	false	true	false	false	5.0	40 км/ч	24 кг	60 км	500 W	false	false	None	false
Aqiho DD Evolution с мотовилкой	Aqiho	false	true	true	false	true	true	true	false	5.0	60 км/ч	37 кг	90 км	2400 W	true	false	None	false
Ultron T128 V.2.1	Ultron	false	true	true	false	true	true	true	false	5.0	85 км/ч	51 кг	95 км	3000 W	true	true	Saint-Petersburg	false
Alligator SX	Alligator	false	true	false	false	true	true	true	false	5.0	80 км/ч	33 кг	80 км	3200 W	true	true	Saint-Petersburg	false
Currus R11 Pro	Currus	false	true	true	false	true	true	true	false	5.0	90 км/ч	48 кг	100 км	6000 W	true	false	None	false
Dualtron Storm	MiniMotors	false	true	false	false	true	false	true	false	0.0	110 км/ч	46 кг	130 км	3320 W	false	false	None	false
Yokamura GS new 2020	Yokamura	false	true	true	false	true	true	true	false	5.0	75 км/ч	45 кг	80 км	4000 W	true	true	Saint-Petersburg	false
Dualtron Ultra 2 (72V)	MiniMotors	false	true	false	false	true	false	true	false	0.0	100 км/ч	40 кг	140 км	3320 W	false	true	Saint-Petersburg	false
Kingsong X1 Pro	KingSong	false	true	false	true	false	true	false	false	5.0	30 км/ч	14 кг	50 км	500 W	false	true	Saint-Petersburg	false
KingSong X1 Max	KingSong	false	true	false	true	false	true	false	false	4.0	40 км/ч	18 кг	50 км	600 W	true	true	Saint-Petersburg	false
Inokim Quick4 52V 16Ah LG	Inokim	false	true	false	true	false	true	false	false	0.0	40 км/ч	22 кг	70 км	600 W	false	false	None	false
Inokim Quick 4 52V 13Ah	Inokim	false	true	false	true	false	true	false	false	0.0	40 км/ч	22 кг	50 км	600 W	true	true	Saint-Petersburg	false
Kugoo C1 Pro Jilong 13Ah	Kugoo	false	true	true	false	true	false	false	false	5.0	60 км/ч	34 кг	35 км	1000 W	false	false	None	false
Kugoo C1 Pro Jilong 11Ah	Kugoo	false	true	true	false	true	false	false	false	4.5	60 км/ч	33 кг	35 км	1000 W	false	true	Saint-Petersburg	false
Speedway 5	MiniMotors	false	true	true	false	true	true	false	false	5.0	45 км/ч	20 кг	110 км	800 W	true	true	Saint-Petersburg	false
Kaabo Skywalker 10S	KAABO	false	true	false	true	false	true	false	false	5.0	50 км/ч	22 кг	55 км	1200 W	true	false	None	false
Электрический самокат iconBIT Kick Scooter Trident 120	IconBIT	false	true	false	true	false	true	false	false	0.0	25 км/ч	16 кг	25 км	350 W	false	false	None	false
iBalance Athlet V4 (38.4Ah)	iBalance	false	true	true	false	true	true	true	false	4.5	60 км/ч	35 кг	120 км	1600 W	false	false	None	false
iBalance Athlet V4 (33.6Ah)	iBalance	false	true	true	false	true	true	true	false	5.0	60 км/ч	35 кг	120 км	1600 W	false	false	None	false
GT - W500	GT	false	true	true	true	false	false	false	false	5.0	40 км/ч	22 кг	40 км	500 W	true	false	None	false
Smart 2400	Smart	false	true	true	false	true	true	true	false	5.0	60 км/ч	29 кг	50 км	2400 W	true	true	Saint-Petersburg	false
Kugoo S3 (Jilong) Синий	Kugoo	false	true	false	true	false	true	false	false	5.0	30 км/ч	12 кг	30 км	350 W	true	true	Saint-Petersburg	false
GT M5 Pro 11Ah	GT	false	true	true	true	false	true	false	false	0.0	40 км/ч	21 кг	35 км	500 W	true	true	Saint-Petersburg	false
GT M5 Pro 13Ah	GT	false	true	true	true	false	true	false	false	0.0	55 км/ч	21 кг	40 км	500 W	true	false	None	false
GT M5 Pro 17Ah	GT	false	true	true	true	false	true	false	false	0.0	55 км/ч	21 кг	50 км	500 W	false	true	Saint-Petersburg	false
Yokamura Raptor 13 new 2020	Yokamura	false	true	true	false	true	true	true	false	0.0	80 км/ч	45 кг	70 км	5000 W	false	true	Saint-Petersburg	false
Aqiho Evolution 1200W	Aqiho	false	true	true	false	true	true	false	false	5.0	55 км/ч	24 кг	80 км	1200 W	false	true	Saint-Petersburg	false
Kugoo M4 Jilong 11Ah Серый	Kugoo	false	true	true	true	false	true	false	false	5.0	45 км/ч	19 кг	30 км	500 W	false	true	Saint-Petersburg	false
Kugoo M4 Pro 13Ah Jilong	Kugoo	false	true	true	true	false	true	false	false	5.0	55 км/ч	22 кг	40 км	500 W	false	false	None	false
Zero T10 48V/13Ah	Starway	false	true	false	false	true	true	false	false	5.0	42 км/ч	24 кг	40 км	600 W	false	false	None	false
Zero T10 48V/18.2Ah	Starway	false	true	false	false	true	true	false	false	0.0	45 км/ч	24 кг	60 км	600 W	false	true	Saint-Petersburg	false
Zero T10 52V/18.2Ah	Starway	false	true	false	false	true	true	false	false	5.0	50 км/ч	24 кг	75 км	1000 W	true	false	None	false
MiniPro S1	Minipro	false	true	true	true	false	false	false	false	0.0	25 км/ч	14 кг	20 км	350 W	false	true	Saint-Petersburg	false
Wolong 48V 13Ah	WoLong	false	true	true	false	true	false	false	false	0.0	45 км/ч	25 кг	30 км	500 W	true	false	None	false
Zero 11X	Zero	false	true	false	false	true	true	true	false	5.0	85 км/ч	52 кг	150 км	2400 W	false	false	None	false
Dualtron Raptor 2	MiniMotors	false	true	true	false	true	true	true	false	0.0	65 км/ч	23 кг	70 км	1600 W	false	true	Saint-Petersburg	false
Aqiho T118	Aqiho	false	true	true	false	true	true	true	false	5.0	100 км/ч	45 кг	100 км	5600 W	true	false	None	false
North Star	Northstar	false	true	true	false	true	true	false	false	4.666667	55 км/ч	24 кг	70 км	1200 W	true	false	None	false
iconBIT Kick Scooter City Pro Чёрный	IconBIT	false	true	false	true	false	true	false	false	0.0	25 км/ч	16 кг	20 км	350 W	false	true	Saint-Petersburg	false
iconBIT Kick Scooter City Pro Белый	IconBIT	false	true	false	true	false	true	false	false	0.0	25 км/ч	16 кг	20 км	350 W	true	false	None	false
iconBIT Kick Scooter City Pro Оранжевый	IconBIT	false	true	false	true	false	true	false	false	5.0	25 км/ч	16 кг	20 км	350 W	false	true	Saint-Petersburg	false
Kugoo S3 (Jilong) Серый	Kugoo	false	true	false	true	false	true	false	false	5.0	30 км/ч	12 кг	30 км	350 W	true	true	Saint-Petersburg	false
Kugoo S3 (Jilong) Белый	Kugoo	false	true	false	true	false	true	false	false	0.0	30 км/ч	12 кг	30 км	350 W	false	false	None	false
Электросамокат Iconbit Kick Scooter Street DUO для города	IconBIT	false	true	false	true	false	true	true	false	0.0	25 км/ч	14 кг	20 км	700 W	true	true	Saint-Petersburg	false
iconBIT Kick Scooter Trident 120 T	IconBIT	false	true	true	true	false	true	false	false	0.0	25 км/ч	18 кг	25 км	350 W	false	false	None	false
Kaabo Skywalker-10H 700W	KAABO	false	true	false	true	false	true	false	false	5.0	40 км/ч	17 кг	35 км	700 W	false	false	None	false
Kaabo Skywalker-10L 500W	KAABO	false	true	true	true	false	true	false	false	0.0	40 км/ч	17 кг	35 км	500 W	true	false	None	false
Kaabo-Q8 plus 1000W	KAABO	false	true	false	true	false	true	true	false	0.0	45 км/ч	26 кг	45 км	1000 W	false	true	Saint-Petersburg	false
Dualtron Spider 24Ah	MiniMotors	false	true	false	false	true	true	true	false	5.0	65 км/ч	21 кг	100 км	1600 W	true	false	None	false
Xiaomi Mi Electric Scooter Pro 2	Xiaomi	false	true	true	true	false	true	false	false	5.0	25 км/ч	14 кг	45 км	300 W	false	false	None	true
Ultron T11	Ultron	false	true	true	false	true	true	true	false	0.0	70 км/ч	39 кг	60 км	1600 W	false	false	None	false
Ultron T118	Ultron	false	true	true	false	true	true	true	false	0.0	85 км/ч	50 кг	95 км	3000 W	false	false	None	false
Ultron T128	Ultron	false	true	true	false	true	true	true	false	0.0	85 км/ч	51 кг	95 км	3000 W	false	false	None	false
Ultron T10	Ultron	false	true	true	false	true	true	true	false	0.0	70 км/ч	35 кг	50 км	2400 W	true	true	Saint-Petersburg	false
Ultron T103	Ultron	false	true	true	false	true	true	false	false	0.0	50 км/ч	30 кг	70 км	1200 W	true	false	None	false
Dualtron Spider 17Ah	MiniMotors	false	true	false	false	true	true	true	false	5.0	65 км/ч	20 кг	60 км	1600 W	true	true	Saint-Petersburg	false
IceWheel S9	IceWheel	false	true	true	false	true	true	true	false	0.0	45 км/ч	20 кг	60 км	1000 W	false	true	Saint-Petersburg	false
iBalance Cruiser	iBalance	false	true	true	false	true	true	false	false	5.0	45 км/ч	33 кг	90 км	800 W	true	false	None	false
iBalance Bandit	iBalance	false	true	true	false	true	true	true	false	0.0	60 км/ч	43 кг	90 км	2000 W	true	true	Saint-Petersburg	false
iBalance Athlet V3	iBalance	false	true	true	false	true	true	true	false	0.0	60 км/ч	35 кг	120 км	1600 W	true	false	None	false
iBalance Athlet 2ая ревизия	iBalance	false	true	true	false	true	true	true	false	5.0	60 км/ч	35 кг	90 км	1600 W	true	false	None	false
iBalance Bandit с мотовилкой	iBalance	false	true	true	false	true	true	true	false	5.0	80 км/ч	46 кг	90 км	2400 W	true	true	Saint-Petersburg	false
iBalance Cruiser LE	iBalance	false	true	true	true	false	true	false	false	5.0	40 км/ч	28 кг	90 км	800 W	true	true	Saint-Petersburg	false
Kugoo M4 Pro 11Ah Jilong NEW 2020	Kugoo	false	true	true	false	true	true	false	false	4.5	45 км/ч	25 кг	35 км	600 W	true	false	None	false
Halten Evolution 1200W	Halten	false	true	true	false	true	true	false	false	4.857143	55 км/ч	24 кг	80 км	1200 W	false	true	Saint-Petersburg	false
EWASP 1405	Ewasp	false	true	false	true	false	true	false	false	0.0	45 км/ч	16 кг	40 км	350 W	true	true	Saint-Petersburg	false
Currus T10	Currus	false	true	false	true	false	true	false	false	5.0	45 км/ч	24 кг	50 км	600 W	false	false	None	false
Starway Monster T10 DDM	Starway	false	true	false	false	true	true	true	false	5.0	55 км/ч	34 кг	70 км	2000 W	false	true	Saint-Petersburg	false
CityCoco X7 PRO	City-Coco (Seev)	false	true	true	false	true	false	false	false	5.0	50 км/ч	55 кг	40 км	2000 W	false	true	Saint-Petersburg	false
Dualtron Mini	MiniMotors	false	true	false	true	false	true	false	false	0.0	45 км/ч	23 кг	60 км	500 W	false	false	None	false
Взрослый электрический самокат Aqua Zeus	AQUA	false	true	false	true	false	true	false	false	0.0	38 км/ч	16 кг	30 км	500 W	true	true	Saint-Petersburg	false
Medis	RXScooter	false	true	true	true	false	true	false	false	0.0	40 км/ч	17 кг	40 км	400 W	true	false	None	false
Currus R10	Currus	false	true	true	false	true	true	false	false	5.0	55 км/ч	29 кг	60 км	1200 W	false	true	Saint-Petersburg	false
Currus M5	Currus	false	true	true	true	false	true	false	false	5.0	55 км/ч	25 кг	80 км	1200 W	true	false	None	false
Zero 10X	Zero	false	true	false	false	true	true	true	false	5.0	65 км/ч	34 кг	80 км	2000 W	false	true	Saint-Petersburg	false
Halten Evolution 1200W гидравлика	Halten	false	true	true	true	false	true	false	false	5.0	55 км/ч	24 кг	80 км	1200 W	true	false	None	false
Starway Z8 LG (52V/13Ah)	Starway	false	true	false	true	false	true	false	false	5.0	50 км/ч	17 кг	60 км	500 W	true	false	None	false
Halten RS-02 Supreme	Halten	false	true	true	true	false	true	false	false	5.0	60 км/ч	29 кг	90 км	2000 W	false	true	Saint-Petersburg	false
Halten Cross	Halten	false	true	true	true	false	true	false	false	5.0	55 км/ч	23 кг	55 км	800 W	true	false	None	false
Halten RS-03 V2	Halten	false	true	true	false	true	true	true	false	5.0	70 км/ч	37 кг	60 км	2600 W	true	true	Saint-Petersburg	false
Halten RS-02 V2	Halten	false	true	true	false	true	true	false	false	5.0	60 км/ч	27 кг	60 км	1300 W	true	false	None	false
Halten RS-01 PRO	Halten	false	true	true	true	false	true	false	false	5.0	45 км/ч	19 кг	50 км	600 W	true	false	None	false
Halten RS-01 V2	Halten	false	true	true	true	false	true	false	false	5.0	45 км/ч	18 кг	40 км	600 W	false	true	Saint-Petersburg	false
NOVOKU	Novoku	false	true	true	true	false	true	false	false	0.0	45 км/ч	16 кг	30 км	350 W	false	false	None	false
E-Scooter Smart 48V	E Scooter	false	true	true	true	false	true	false	false	5.0	45 км/ч	22 кг	65 км	800 W	false	false	None	false
SmartONE Maximus	SmartONE	false	true	false	false	true	true	true	false	0.0	90 км/ч	50 кг	90 км	3200 W	false	false	None	false
SmartONE MS-2 Dual	SmartONE	false	true	true	false	true	true	true	false	5.0	60 км/ч	35 кг	55 км	2000 W	true	true	Saint-Petersburg	false
Electric Scooter m365 Белый	Electric Scooter	false	true	false	true	false	true	false	false	0.0	25 км/ч	12 кг	30 км	250 W	false	false	None	false
Электросамокат с аквазащитой Aqua Neotron	AQUA	false	true	true	false	true	true	true	false	0.0	99 км/ч	36 кг	70 км	3200 W	true	false	None	false
Yokamura RS new 2020	Yokamura	false	true	true	false	true	true	true	false	0.0	80 км/ч	70 кг	120 км	5000 W	true	true	Saint-Petersburg	false
Yokamura RX2 new 2020	Yokamura	false	true	true	false	true	true	true	false	0.0	50 км/ч	33 кг	60 км	2400 W	true	false	None	false
Ultron T118 V.2.1	Ultron	false	true	true	false	true	true	true	false	0.0	85 км/ч	50 кг	95 км	3000 W	true	true	Saint-Petersburg	false
Ultron T108S	Ultron	false	true	false	false	true	true	false	false	0.0	55 км/ч	25 кг	70 км	1200 W	false	false	None	false
Ultron T08	Ultron	false	true	false	true	false	true	false	false	0.0	30 км/ч	16 кг	45 км	500 W	true	false	None	false
Halten RS-02 V1	Halten	false	true	true	false	true	true	false	false	5.0	50 км/ч	27 кг	70 км	1200 W	true	false	None	false
Электрический самокат Aqua Rover T-500	AQUA	false	true	true	true	false	false	false	false	0.0	30 км/ч	25 кг	30 км	500 W	false	true	Saint-Petersburg	false
Aqua Titan	AQUA	false	true	true	false	true	true	true	false	0.0	55 км/ч	36 кг	80 км	2000 W	true	false	None	false
IceWheel S8	IceWheel	false	true	true	true	false	true	false	false	0.0	45 км/ч	18 кг	65 км	500 W	false	false	None	false
Alligator 13Ah 60V	RXScooter	false	true	true	false	true	true	true	false	5.0	85 км/ч	30 кг	40 км	3200 W	true	true	Saint-Petersburg	false
Aqiho Double Drive ULTRA	Aqiho	false	true	false	false	true	true	true	false	5.0	95 км/ч	37 кг	100 км	3200 W	false	false	None	false
Aqiho Double Drive	Aqiho	false	true	true	false	true	true	true	false	4.333333	85 км/ч	28 кг	100 км	2400 W	false	true	Saint-Petersburg	false
Aqiho Single Drive	Aqiho	false	true	true	true	false	true	false	false	5.0	50 км/ч	24 кг	100 км	1200 W	true	false	None	false
Viper Ultra	RXScooter	false	true	true	true	false	true	true	false	0.0	60 км/ч	27 кг	70 км	1000 W	true	true	Saint-Petersburg	false
Voyager Evolution	RXScooter	false	true	true	false	true	true	false	false	5.0	65 км/ч	24 кг	80 км	1200 W	false	true	Saint-Petersburg	false
NextDrive ND-7	Next Drive	false	true	true	true	false	true	false	false	4.666667	26 км/ч	19 кг	35 км	300 W	false	true	Saint-Petersburg	false
Dualtron Ultra	Dualtron	false	true	false	false	true	true	true	false	5.0	85 км/ч	37 кг	110 км	5400 W	false	false	None	false
Eco Drive Mini Titan X	Eco Drive	false	true	false	true	false	true	false	false	0.0	40 км/ч	18 кг	60 км	500 W	true	false	None	false
NextBalance	RXScooter	false	true	true	true	false	true	false	false	0.0	35 км/ч	19 кг	40 км	400 W	false	false	None	false
E-Scooter 1201	E Scooter	false	true	true	true	false	true	false	false	5.0	30 км/ч	16 кг	35 км	350 W	false	true	Saint-Petersburg	false
ММК 10'	RXScooter	false	true	true	true	false	true	false	false	0.0	35 км/ч	19 кг	45 км	400 W	true	false	None	false
Currus G8	Currus	false	true	false	true	false	true	true	false	0.0	55 км/ч	26 кг	80 км	1000 W	true	false	None	false
CURRUS RS Dual	Currus	false	true	false	false	true	true	true	false	5.0	80 км/ч	51 кг	100 км	2400 W	false	false	None	false
Electric Scooter S3	Electric Scooter	false	true	false	true	false	true	false	false	5.0	35 км/ч	11 кг	30 км	350 W	true	false	None	false
Inokim OX/Hero	Inokim	false	true	false	true	false	true	false	false	0.0	45 км/ч	25 кг	60 км	800 W	true	false	None	false
Inokim OX/O	Inokim	false	true	false	true	false	true	false	false	0.0	60 км/ч	33 кг	110 км	2000 W	true	false	None	false
Ultron	Ultron	false	true	true	false	true	true	true	false	0.0	90 км/ч	40 кг	100 км	3200 W	false	false	None	false
Kugoo M3 Lux	Kugoo	false	true	true	true	false	true	false	false	0.0	35 км/ч	19 кг	40 км	350 W	true	false	None	false
Kugoo M2 Белый	Kugoo	false	true	true	true	false	true	false	false	0.0	30 км/ч	16 кг	35 км	350 W	false	true	Saint-Petersburg	false
Kugoo M2 Голубой	Kugoo	false	true	true	true	false	true	false	false	0.0	30 км/ч	16 кг	35 км	350 W	true	false	None	false
Micar Sprint S2	RXScooter	false	true	false	true	false	true	false	false	0.0	35 км/ч	12 кг	30 км	350 W	false	true	Saint-Petersburg	false
Dualtron Raptor	MiniMotors	false	true	false	false	true	true	true	false	0.0	65 км/ч	25 кг	60 км	1600 W	true	true	Saint-Petersburg	false
Dualtron 3	MiniMotors	false	true	false	false	true	true	true	false	0.0	65 км/ч	35 кг	110 км	1600 W	false	false	None	false
Dualtron Compact	MiniMotors	false	true	false	false	true	true	true	false	0.0	65 км/ч	32 кг	80 км	1600 W	true	true	Saint-Petersburg	false
Dualtron Thunder	MiniMotors	false	true	false	false	true	true	true	false	0.0	85 км/ч	40 кг	120 км	5400 W	true	true	Saint-Petersburg	false
Dualtron X	MiniMotors	false	true	true	false	true	true	true	false	0.0	100 км/ч	66 кг	160 км	6720 W	false	true	Saint-Petersburg	false
Speedway mini 5	MiniMotors	false	true	false	true	false	true	false	false	0.0	50 км/ч	20 кг	55 км	500 W	true	false	None	false
E-BOARD Amortization	RXScooter	false	true	true	true	false	true	false	false	3.0	35 км/ч	19 кг	30 км	400 W	false	true	Saint-Petersburg	false
Ovinem	RXScooter	false	true	true	true	false	true	false	false	3.0	40 км/ч	18 кг	80 км	500 W	true	true	Saint-Petersburg	false
Joyor X5S (Koon 10’)	Joyor	false	true	true	true	false	true	false	false	0.0	45 км/ч	20 кг	55 км	500 W	false	false	None	false
Kuaike K1	RXScooter	false	true	true	true	false	true	false	false	5.0	35 км/ч	15 кг	40 км	300 W	true	false	None	false
Speedway 4	MiniMotors	false	true	true	true	false	true	false	false	5.0	50 км/ч	23 кг	100 км	600 W	false	true	Saint-Petersburg	false
Riding Feeling Sport	RXScooter	false	true	false	false	true	true	true	false	0.0	55 км/ч	27 кг	50 км	1600 W	true	true	Saint-Petersburg	false
Ironbird RX	RXScooter	false	true	true	false	true	true	true	false	0.0	90 км/ч	36 кг	80 км	2400 W	true	false	None	false
Cobra A1	Cobra	false	true	true	true	false	false	false	false	0.0	25 км/ч	18 кг	50 км	250 W	true	false	None	false
Kugoo S4 Jilong Белый	Kugoo	false	true	false	true	false	true	false	false	5.0	40 км/ч	19 кг	35 км	500 W	true	false	None	false
Kugoo S3 PRO Синий	Kugoo	false	true	false	true	false	true	false	false	5.0	30 км/ч	12 кг	30 км	350 W	false	false	None	false
Kugoo S3 PRO Белый	Kugoo	false	true	false	true	false	true	false	false	5.0	30 км/ч	12 кг	30 км	350 W	true	true	Saint-Petersburg	false
Kugoo S3 PRO Серый	Kugoo	false	true	false	true	false	true	false	false	0.0	30 км/ч	12 кг	30 км	350 W	true	false	None	false
Kugoo ES3 Синий	Kugoo	false	true	true	true	false	true	false	false	0.0	30 км/ч	18 кг	35 км	500 W	true	false	None	false
Adasmart Z1000 Шампань	Adasmart	false	true	false	false	true	true	false	false	0.0	45 км/ч	23 кг	60 км	1000 W	false	true	Saint-Petersburg	false
Adasmart Z1000 Синий	Adasmart	false	true	false	false	true	true	false	false	0.0	45 км/ч	23 кг	60 км	1000 W	true	false	None	false
Adasmart Z1000 Зелёный	Adasmart	false	true	false	false	true	true	false	false	0.0	45 км/ч	23 кг	60 км	1000 W	true	false	None	false
Adasmart Z1000 Серый	Adasmart	false	true	false	false	true	true	false	false	0.0	45 км/ч	23 кг	60 км	1000 W	false	false	None	false
Adasmart Z1000 Красный	Adasmart	false	true	false	false	true	true	false	false	0.0	45 км/ч	23 кг	60 км	1000 W	false	false	None	false
Adasmart Z1000 Чёрный	Adasmart	false	true	false	false	true	true	false	false	0.0	45 км/ч	23 кг	60 км	1000 W	false	true	Saint-Petersburg	false
Adasmart DT	Adasmart	false	true	false	false	true	true	false	false	0.0	45 км/ч	22 кг	60 км	1000 W	false	true	Saint-Petersburg	false
Электросамокат WS Nerpa 2400w	WHITE SIBERIA	false	true	true	false	true	false	false	false	0.0	60 км/ч	29 кг	60 км	2400 W	false	true	Saint-Petersburg	false
Электросамокат WS-Baikal 2400W	WHITE SIBERIA	false	true	true	false	true	true	true	false	0.0	55 км/ч	30 кг	100 км	2400 W	true	true	Saint-Petersburg	false
Currus 8'	Currus	false	true	false	false	true	true	true	false	5.0	50 км/ч	32 кг	60 км	1000 W	false	false	None	false
City-Coco City Scooter	RXScooter	false	true	true	true	false	true	false	false	0.0	40 км/ч	20 кг	60 км	800 W	false	true	Saint-Petersburg	false
SPEEDWAY S4 TownElectro	RXScooter	false	true	false	true	false	true	false	false	0.0	50 км/ч	23 кг	100 км	600 W	true	true	Saint-Petersburg	false
SpeedWay3 TownElectro	RXScooter	false	true	false	true	false	true	false	false	0.0	45 км/ч	22 кг	50 км	500 W	true	true	Saint-Petersburg	false
Wing3 KickScooter	RXScooter	false	true	true	true	false	true	false	true	0.0	30 км/ч	16 кг	60 км	350 W	false	false	None	false
El EWasp T2 Sport	RXScooter	false	true	false	true	false	true	false	false	0.0	40 км/ч	17 кг	45 км	500 W	true	false	None	false
KingSong KS-D11	KingSong	false	true	true	false	true	true	true	false	0.0	70 км/ч	38 кг	85 км	2000 W	true	false	None	false
Dualtron Ultra 2	MiniMotors	false	true	false	false	true	true	true	false	0.0	85 км/ч	37 кг	120 км	5400 W	false	false	None	false
Dualtron 2 LTD	MiniMotors	false	true	false	false	true	true	true	false	0.0	65 км/ч	30 кг	120 км	3600 W	true	true	Saint-Petersburg	false
Yokamura SX new 2020	Yokamura	false	true	true	false	true	true	true	false	0.0	85 км/ч	40 кг	50 км	3200 W	true	false	None	false
Kugoo S2	Kugoo	false	true	false	true	false	true	false	false	5.0	35 км/ч	11 кг	30 км	350 W	true	false	None	false
YiDi Внедорожный электросамокат	RXScooter	false	true	true	true	false	true	false	false	0.0	30 км/ч	16 кг	40 км	350 W	false	true	Saint-Petersburg	false
Fitrider T1S	Fitrider	false	true	false	true	false	true	false	false	0.0	30 км/ч	12 кг	30 км	350 W	false	true	Saint-Petersburg	false
CoolPeds Электро чемокат	RXScooter	false	true	false	true	false	true	false	true	0.0	20 км/ч	8 кг	10 км	200 W	false	false	None	false
Xiaomi Mijia m365 Белый	Xiaomi	false	true	false	true	false	true	false	false	5.0	25 км/ч	12 кг	30 км	250 W	true	true	Saint-Petersburg	true
JIEXG JX10	JIEXG	false	true	true	true	false	true	false	false	5.0	45 км/ч	15 кг	65 км	500 W	false	true	Saint-Petersburg	false
Nucia	RXScooter	false	true	true	true	false	true	false	true	5.0	15 км/ч	28 кг	50 км	500 W	false	false	None	false
E-TWOW S2	E Twow	false	true	false	true	false	true	false	false	0.0	27 км/ч	11 кг	20 км	250 W	true	false	None	false
Aqua XTR	AQUA	false	true	false	true	false	true	false	false	4.0	45 км/ч	20 кг	30 км	600 W	false	true	Saint-Petersburg	false
Aqua Zeus Pro	AQUA	false	true	false	true	false	true	false	false	0.0	50 км/ч	20 кг	40 км	600 W	false	false	None	false
Aqua Truck	AQUA	false	true	false	false	true	true	false	false	5.0	60 км/ч	32 кг	50 км	1500 W	true	true	Saint-Petersburg	false
Aqua Truck Pro	AQUA	false	true	true	false	true	true	false	false	0.0	80 км/ч	37 кг	50 км	3000 W	true	false	None	false
Aqua Titan V2.0	AQUA	false	true	false	false	true	true	true	false	0.0	60 км/ч	36 кг	50 км	2400 W	false	true	Saint-Petersburg	false
Aqua Titan Pro	AQUA	false	true	true	false	true	true	true	false	0.0	70 км/ч	36 кг	60 км	2800 W	true	true	Saint-Petersburg	false
Aqua Spider V2.0	AQUA	false	true	true	false	true	true	false	false	0.0	60 км/ч	33 кг	60 км	1200 W	false	true	Saint-Petersburg	false
Aqua Spider V1.0	AQUA	false	true	true	false	true	true	false	false	0.0	55 км/ч	31 кг	50 км	1200 W	false	false	None	false
Электрический самокат Aqua Rider V2.0	AQUA	false	true	false	true	false	true	false	false	0.0	33 км/ч	16 кг	25 км	350 W	true	false	None	false
Dualtron Eagle Pro	MiniMotors	false	true	false	false	true	true	true	false	0.0	75 км/ч	30 кг	80 км	1800 W	false	true	Saint-Petersburg	false
Складной электрический самокат Aqua Rider V1.0	AQUA	false	true	false	true	false	true	false	false	0.0	33 км/ч	16 кг	18 км	350 W	true	false	None	false
Aqua Hunter	AQUA	false	true	false	false	true	true	true	false	0.0	75 км/ч	40 кг	50 км	2400 W	true	false	None	false
Складной электросамокат Aqua ES-8i	AQUA	false	true	false	true	false	true	false	false	0.0	28 км/ч	11 кг	23 км	350 W	true	true	Saint-Petersburg	false
Электросамокат с гидроизоляцией Aqua ES-8 Lite	AQUA	false	true	false	true	false	true	false	false	0.0	25 км/ч	11 кг	15 км	350 W	false	false	None	false
Aqua Avatar Pro	AQUA	false	true	false	true	false	true	false	false	0.0	40 км/ч	21 кг	40 км	500 W	true	true	Saint-Petersburg	false
Взрослый электросамокат Aqua City	AQUA	false	true	false	true	false	true	false	false	0.0	60 км/ч	18 кг	60 км	500 W	true	true	Saint-Petersburg	false
Aqua Avatar	AQUA	false	true	false	true	false	true	false	false	0.0	40 км/ч	19 кг	35 км	500 W	false	false	None	false
F-Wheel DYU	RXScooter	false	true	true	true	false	false	false	false	5.0	30 км/ч	14 кг	50 км	350 W	false	false	None	false
Суперкомпактный электросамокат K1	RXScooter	false	true	true	true	false	true	false	false	5.0	25 км/ч	10 кг	15 км	250 W	false	true	Saint-Petersburg	false
SpeedRoll SG05	RXScooter	false	true	true	true	false	true	false	false	0.0	30 км/ч	14 кг	35 км	350 W	true	true	Saint-Petersburg	false
Joyor G1	Joyor	false	true	false	false	true	true	false	false	5.0	45 км/ч	19 кг	60 км	450 W	false	true	Saint-Petersburg	false
White Siberia Baikal	WHITE SIBERIA	false	true	true	false	true	true	true	false	5.0	65 км/ч	40 кг	65 км	2400 W	true	false	None	false
Subor H6	Subor	false	true	true	true	false	false	false	false	5.0	25 км/ч	12 кг	20 км	250 W	false	true	Saint-Petersburg	false
Kugoo ES3 Серый	Kugoo	false	true	true	true	false	true	false	false	5.0	30 км/ч	18 кг	35 км	500 W	false	true	Saint-Petersburg	false
