Mouser Part Number,Mfr Part Number,Mfr.,Datasheet,Availability,Pricing,RoHS,Lifecycle,Product Detail,Protocol,Class,Interface Type,Output Power,Data Rate,Receiver Sensitivity,Frequency,Operating Supply Voltage,Minimum Operating Temperature,Maximum Operating Temperature,Series,Packaging,Protocol - Bluetooth, BLE - 802.15.1,Protocol - WiFi - 802.11,Protocol - ANT, Thread, Zigbee - 802.15.4,Protocol - Sub GHz
634-BGX220S22HNA21R,BGX220S22HNA21R,Silicon Labs,https://ru.mouser.com/datasheet/2/368/bgx220s_datasheet-2036718.pdf,"2,357  In Stock",$12.01,RoHS Compliant,New Product,https://ru.mouser.com/ProductDetail/Silicon-Labs/BGX220S22HNA21R?qs=zW32dvEIR3vuqzfAs9jwtA==&utm_source=mouser-refine-download&utm_medium=file&utm_campaign=BGX220S22HNA21R&utm_content=Silicon-Labs,,,,6 dBm,,,,,,,,"Cut Tape, Reel",Bluetooth,,,,,,
634-BGM220PC22WGA2R,BGM220PC22WGA2R,Silicon Labs,https://ru.mouser.com/datasheet/2/368/bgm220p_datasheet-1900893.pdf,875  In Stock,$11.62,RoHS Compliant,New Product,https://ru.mouser.com/ProductDetail/Silicon-Labs/BGM220PC22WGA2R?qs=7MVldsJ5UayRQss0gz56jA==&utm_source=mouser-refine-download&utm_medium=file&utm_campaign=BGM220PC22WGA2R&utm_content=Silicon-Labs,Bluetooth 5.2,Bluetooth Low Energy (BLE),"I2C, SPI, UART",8 dBm,2 Mb/s,- 96.2 dBm,2.4 GHz,1.8 V to 3.8 V,- 40 C,+ 85 C,,"Cut Tape, Reel",Bluetooth,,,,,,
963-EYSNSNZWW,EYSNSNZWW,Taiyo Yuden,https://ru.mouser.com/datasheet/2/396/TaiyoYuden_9232020_BLE_Overview_V3_0_20200511-1902320.pdf,"2,463  In Stock",$14.40,RoHS Compliant,New Product,https://ru.mouser.com/ProductDetail/Taiyo-Yuden/EYSNSNZWW?qs=TiOZkKH1s2QwRFBbD4XGLQ==&utm_source=mouser-refine-download&utm_medium=file&utm_campaign=EYSNSNZWW&utm_content=Taiyo-Yuden,,,,,,,,,,,,"Cut Tape, Reel",BLE,,,,,,
377-BMD-380-A-R,BMD-380-A-R,u-blox,https://www.u-blox.com/en/docs/UBX-19039467,306  In Stock,$23.32,,New Product,https://ru.mouser.com/ProductDetail/u-blox/BMD-380-A-R?qs=bAKSY/ctAC4RL/ODaghZbw==&utm_source=mouser-refine-download&utm_medium=file&utm_campaign=BMD-380-A-R&utm_content=u-blox,Bluetooth 5.1,Bluetooth Low Energy (BLE),"I2C, SPI, UART",,2 Mb/s,,2.4 GHz,1.7 V to 3.6 V,- 40 C,+ 85 C,,,Bluetooth,,,,,,
239-453-00059C,453-00059C,Laird Connectivity,https://www.lairdconnect.com/documentation/datasheet-bl653-micro-series-preliminary,420  In Stock,$13.12,RoHS Compliant,New Product,https://ru.mouser.com/ProductDetail/Laird-Connectivity/453-00059C?qs=DPoM0jnrROWPFc/pjzHSnA==&utm_source=mouser-refine-download&utm_medium=file&utm_campaign=453-00059C&utm_content=Laird-Connectivity,,,,,,,,,,,BL653,Cut Tape,,,,,,,
963-EYSNCNZWW,EYSNCNZWW,Taiyo Yuden,https://ru.mouser.com/datasheet/2/396/TaiyoYuden_9232020_BLE_Overview_V3_0_20200511-1902320.pdf,"1,063  In Stock",$14.21,RoHS Compliant,New Product,https://ru.mouser.com/ProductDetail/Taiyo-Yuden/EYSNCNZWW?qs=hWgE7mdIu5Q1ymNAw8d21w==&utm_source=mouser-refine-download&utm_medium=file&utm_campaign=EYSNCNZWW&utm_content=Taiyo-Yuden,,,,,,,,,,,,"Cut Tape, Reel",BLE,,,,,,
377-NINA-B400-00B,NINA-B400-00B,u-blox,https://www.u-blox.com/en/docs/UBX-19049405,351  In Stock,$16.91,,New Product,https://ru.mouser.com/ProductDetail/u-blox/NINA-B400-00B?qs=DPoM0jnrROUT2qYy57CMqA==&utm_source=mouser-refine-download&utm_medium=file&utm_campaign=NINA-B400-00B&utm_content=u-blox,,,"GPIO, I2C, SPI, UART, USB",,,- 102 dBm,64 MHz,1.7 V to 3.6 V,- 40 C,+ 105 C,,,Bluetooth,,,,,,
239-453-00059R,453-00059R,Laird Connectivity,https://www.lairdconnect.com/documentation/datasheet-bl653-micro-series-preliminary,982  In Stock,$20.62,RoHS Compliant,New Product,https://ru.mouser.com/ProductDetail/Laird-Connectivity/453-00059R?qs=DPoM0jnrROXKT/2EUe1wYw==&utm_source=mouser-refine-download&utm_medium=file&utm_campaign=453-00059R&utm_content=Laird-Connectivity,,,,,,,,,,,BL653,"Cut Tape, MouseReel, Reel",,,,,,,
377-NINA-B410-00B,NINA-B410-00B,u-blox,https://www.u-blox.com/en/docs/UBX-20035327,500  In Stock,$18.58,,New Product,https://ru.mouser.com/ProductDetail/u-blox/NINA-B410-00B?qs=DPoM0jnrROUpo3Z5O301bA==&utm_source=mouser-refine-download&utm_medium=file&utm_campaign=NINA-B410-00B&utm_content=u-blox,Bluetooth 5.1,,"GPIO, I2C, I2S, SPI, UART, USB",10 dBm,2 Mb/s,- 102 dBm,2.4 GHz,1.7 V to 3.6 V,- 40 C,+ 105 C,,,Bluetooth,,,,,,
239-453-00060C,453-00060C,Laird Connectivity,https://www.lairdconnect.com/documentation/datasheet-bl653-micro-series-preliminary,472  In Stock,$13.12,RoHS Compliant,New Product,https://ru.mouser.com/ProductDetail/Laird-Connectivity/453-00060C?qs=DPoM0jnrROU4XrVnTAh9uQ==&utm_source=mouser-refine-download&utm_medium=file&utm_campaign=453-00060C&utm_content=Laird-Connectivity,,,,,,,,,,,BL653,Cut Tape,,,,,,,
239-453-00060R,453-00060R,Laird Connectivity,https://www.lairdconnect.com/documentation/datasheet-bl653-micro-series-preliminary,996  In Stock,$20.62,RoHS Compliant,New Product,https://ru.mouser.com/ProductDetail/Laird-Connectivity/453-00060R?qs=DPoM0jnrROUSDeGaTNTdzg==&utm_source=mouser-refine-download&utm_medium=file&utm_campaign=453-00060R&utm_content=Laird-Connectivity,,,,,,,,,,,BL653,"Cut Tape, MouseReel, Reel",,,,,,,
634-BGX220P22HNA21R,BGX220P22HNA21R,Silicon Labs,https://ru.mouser.com/datasheet/2/368/bgx220p_datasheet-2036727.pdf,164  In Stock,$12.37,RoHS Compliant,New Product,https://ru.mouser.com/ProductDetail/Silicon-Labs/BGX220P22HNA21R?qs=yqaQSyyJnNgJCB1%2BhSTKGQ==&utm_source=mouser-refine-download&utm_medium=file&utm_campaign=BGX220P22HNA21R&utm_content=Silicon-Labs,Bluetooth 5.2,,I2C,8.2 dBm,2 Mb/s,,2.4 GHz,3 V,- 40 C,+ 105 C,,"Cut Tape, Reel",Bluetooth,,,,,,
634-MGM210PB22JIA2R,MGM210PB22JIA2R,Silicon Labs,https://ru.mouser.com/datasheet/2/368/mgm210p_datasheet-1652288.pdf,49  In Stock,$17.58,RoHS Compliant,New Product,https://ru.mouser.com/ProductDetail/Silicon-Labs/MGM210PB22JIA2R?qs=DPoM0jnrROUmSeVi8QoLlQ==&utm_source=mouser-refine-download&utm_medium=file&utm_campaign=MGM210PB22JIA2R&utm_content=Silicon-Labs,Bluetooth 5.1,"Bluetooth Low Energy (BLE), Class 2",I2C,10 dBm,2 Mb/s,- 94.1 dBm,2.4 GHz,3 V,- 40 C,+ 125 C,,"Cut Tape, Reel",Bluetooth,,"802.15.4 (ANT, Thread, Zigbee)",,,,
634-BGM220PC22WGA2,BGM220PC22WGA2,Silicon Labs,https://ru.mouser.com/datasheet/2/368/bgm220p_datasheet-1900893.pdf,200  In Stock,$11.62,RoHS Compliant,New Product,https://ru.mouser.com/ProductDetail/Silicon-Labs/BGM220PC22WGA2?qs=7MVldsJ5Uaxz2tr2rSZ2OA==&utm_source=mouser-refine-download&utm_medium=file&utm_campaign=BGM220PC22WGA2&utm_content=Silicon-Labs,Bluetooth 5.2,Bluetooth Low Energy (BLE),"I2C, SPI, UART",8 dBm,2 Mb/s,- 96.2 dBm,2.4 GHz,1.8 V to 3.8 V,- 40 C,+ 85 C,,"Cut Tape, Reel",Bluetooth,,,,,,
377-NINA-B416-00B,NINA-B416-00B,u-blox,https://www.u-blox.com/en/docs/UBX-20035327,88  In Stock,$17.66,,New Product,https://ru.mouser.com/ProductDetail/u-blox/NINA-B416-00B?qs=DPoM0jnrROX1meHEZEB1%2Bw==&utm_source=mouser-refine-download&utm_medium=file&utm_campaign=NINA-B416-00B&utm_content=u-blox,Bluetooth 5.1,,"GPIO, I2C, I2S, SPI, UART, USB",10 dBm,2 Mb/s,- 102 dBm,2.4 GHz,1.7 V to 3.6 V,- 40 C,+ 105 C,,,Bluetooth,,"802.15.4 (ANT, Thread, Zigbee)",,,,
634-BGX220S22HNA21,BGX220S22HNA21,Silicon Labs,https://ru.mouser.com/datasheet/2/368/bgx220s_datasheet-2036718.pdf,106  In Stock,$12.01,RoHS Compliant,New Product,https://ru.mouser.com/ProductDetail/Silicon-Labs/BGX220S22HNA21?qs=zW32dvEIR3vJdkxJLJzLrA==&utm_source=mouser-refine-download&utm_medium=file&utm_campaign=BGX220S22HNA21&utm_content=Silicon-Labs,,,,6 dBm,,,,,,,,Tray,Bluetooth,,,,,,
963-EYSPBNZUA,EYSPBNZUA,Taiyo Yuden,https://www.yuden.co.jp/ut/product/category/module/lineup/eyspbnzua/,100  In Stock,$19.72,RoHS Compliant,New Product,https://ru.mouser.com/ProductDetail/Taiyo-Yuden/EYSPBNZUA?qs=DPoM0jnrROXqHnIu9Fk2bQ==&utm_source=mouser-refine-download&utm_medium=file&utm_campaign=EYSPBNZUA&utm_content=Taiyo-Yuden,Bluetooth 5.2,,"I2C, PDM, SPI, UART, USB",8 dBm,2 Mb/s,,2.402 GHz to 2.48 GHz,1.7 V to 5.5 V,- 40 C,+ 105 C,,"Cut Tape, Reel","Bluetooth, BLE",,"802.15.4 (ANT, Thread, Zigbee)",,,,
579-0BLES1FC2-0B05BA,BM70BLES1FC2-0B05BA,Microchip Technology,https://ru.mouser.com/datasheet/2/268/Bluetooth_Low_Energy_BLE_Module_DS60001372K-2257931.pdf,162  In Stock,$11.97,,New Product,https://ru.mouser.com/ProductDetail/Microchip-Technology/BM70BLES1FC2-0B05BA?qs=pUKx8fyJudDgV3fN3YjB9w==&utm_source=mouser-refine-download&utm_medium=file&utm_campaign=BM70BLES1FC2-0B05BA&utm_content=Microchip-Technology,Bluetooth v5.0,,"ADC, GPIO, I2C, SPI, UART",0 dBm,8.6 kb/s,,2.402 GHz to 2.48 GHz,1.9 V to 3.6 V,- 40 C,+ 85 C,,,"Bluetooth, BLE",,,,,,
579-E01FC2-0B05BA,BM70BLE01FC2-0B05BA,Microchip Technology,https://ru.mouser.com/datasheet/2/268/Bluetooth_Low_Energy_BLE_Module_DS60001372K-2257931.pdf,132  In Stock,$9.92,,New Product,https://ru.mouser.com/ProductDetail/Microchip-Technology/BM70BLE01FC2-0B05BA?qs=pUKx8fyJudCopnFHr2gM1g==&utm_source=mouser-refine-download&utm_medium=file&utm_campaign=BM70BLE01FC2-0B05BA&utm_content=Microchip-Technology,Bluetooth v5.0,,"ADC, GPIO, I2C, SPI, UART",0 dBm,8.6 kb/s,,2.402 GHz to 2.48 GHz,1.9 V to 3.6 V,- 40 C,+ 85 C,,,"Bluetooth, BLE",,,,,,
377-BMD-360-A-R,BMD-360-A-R,u-blox,https://ru.mouser.com/datasheet/2/1025/BMD-360_DataSheet_(UBX-19039466)-1729532.pdf,"2,856  In Stock",$9.80,RoHS Compliant,New Product,https://ru.mouser.com/ProductDetail/u-blox/BMD-360-A-R?qs=%2B6g0mu59x7LMM5sBpMvTiQ==&utm_source=mouser-refine-download&utm_medium=file&utm_campaign=BMD-360-A-R&utm_content=u-blox,Bluetooth 5.1,Bluetooth Low Energy (BLE),"I2C, SPI, UART",4 dBm,2 Mb/s,- 97 dBm,2.4 GHz,1.7 V to 3.6 V,- 40 C,+ 85 C,BMD-360,,BLE,,,,,,
727-CYBT-333032-02,CYBT-333032-02,Cypress Semiconductor,https://www.cypress.com/file/464611/download,460  In Stock,$14.78,RoHS Compliant,New Product,https://ru.mouser.com/ProductDetail/Cypress-Semiconductor/CYBT-333032-02?qs=BJlw7L4Cy79ZrMZbdUneEQ==&utm_source=mouser-refine-download&utm_medium=file&utm_campaign=CYBT-333032-02&utm_content=Cypress-Semiconductor,Bluetooth 5.0,"Class 1, Class 2","I2C, I2S, PCM, SPI, UART",9 dBm,4 Mb/s,- 96.5 dBm,2.4 GHz,2.3 V to 3.6 V,- 30 C,+ 85 C,,"Cut Tape, Reel",BLE,,,,,,
963-EYSKJNZWB,EYSKJNZWB,Taiyo Yuden,https://www.yuden.co.jp/ut/product/category/module/lineup/eyskjnzwb/,367  In Stock,$22.04,RoHS Compliant,New Product,https://ru.mouser.com/ProductDetail/Taiyo-Yuden/EYSKJNZWB?qs=GedFDFLaBXFgvYgrWrBJ8Q==&utm_source=mouser-refine-download&utm_medium=file&utm_campaign=EYSKJNZWB&utm_content=Taiyo-Yuden,,Bluetooth Low Energy (BLE),"I2C, I2S, PCM, SPI, UART",8 dBm,2 Mb/s,,2.402 GHz to 2.48 GHz,1.7 V to 3.6 V,- 40 C,+ 85 C,,"Cut Tape, Reel",BLE,,,,,,
963-EYSKDNZWB,EYSKDNZWB,Taiyo Yuden,https://ru.mouser.com/datasheet/2/396/TY_BLE_EYSKDNZWB_DataReport_V0_9_20191014-1773828.pdf,430  In Stock,$23.84,RoHS Compliant,New Product,https://ru.mouser.com/ProductDetail/Taiyo-Yuden/EYSKDNZWB?qs=OlC7AqGiEDkEZaAz5vy8KQ==&utm_source=mouser-refine-download&utm_medium=file&utm_campaign=EYSKDNZWB&utm_content=Taiyo-Yuden,Bluetooth 5.0,,"I2C, I2S, PCM, SPI, UART",8 dBm,2 Mb/s,- 94 dBm,2.4 GHz,1.7 V to 5.5 V,- 40 C,+ 85 C,,"Cut Tape, Reel",BLE,,,,,,
239-453-00039R,453-00039R,Laird Connectivity,https://ru.mouser.com/datasheet/2/986/CS-DS-BL653_v0_1_-_PRELIM-1816284.pdf,868  In Stock,$13.50,RoHS Compliant,New Product,https://ru.mouser.com/ProductDetail/Laird-Connectivity/453-00039R?qs=vHuUswq2%2Bsxtbeb59TUVkA==&utm_source=mouser-refine-download&utm_medium=file&utm_campaign=453-00039R&utm_content=Laird-Connectivity,Bluetooth 5.1,Bluetooth Low Energy (BLE),"GPIO, I2C, I2S, SPI, UART, USB",8 dBm,1 Mb/s,- 95 dBm,2.402 GHz to 2.48 GHz,1.7 V to 5.5 V,- 40 C,+ 105 C,BL653,"Cut Tape, MouseReel, Reel",BLE,,,,,,
308-BM833E,BM833E,Fanstel,https://ru.mouser.com/datasheet/2/915/BM833_datasheets-1669897.pdf,"1,851  In Stock",$17.37,RoHS Compliant,New Product,https://ru.mouser.com/ProductDetail/Fanstel/BM833E?qs=xZ/P%2Ba9zWqZAjtKb/AVeQQ==&utm_source=mouser-refine-download&utm_medium=file&utm_campaign=BM833E&utm_content=Fanstel,Bluetooth 5.1,Bluetooth Low Energy (BLE),"I2C, I2S, SPI, UART",8 dBm,2 Mb/s,- 97 dBm,,1.7 V to 5.5 V,- 40 C,+ 105 C,BM833,"Cut Tape, Reel",BLE,,"802.15.4 (ANT, Thread, Zigbee)",,,,
308-BM833A,BM833A,Fanstel,https://ru.mouser.com/datasheet/2/915/BM833_datasheets-1669897.pdf,"1,018  In Stock",$11.49,RoHS Compliant,New Product,https://ru.mouser.com/ProductDetail/Fanstel/BM833A?qs=XeJtXLiO41RB1Pb4E%2BOjsQ==&utm_source=mouser-refine-download&utm_medium=file&utm_campaign=BM833A&utm_content=Fanstel,Bluetooth 5.1,Bluetooth Low Energy (BLE),I2S,4 dBm,2 Mb/s,- 97 dBm,2.4 GHz,1.7 V to 3.6 V,- 40 C,+ 85 C,BM833,"Cut Tape, Reel",Bluetooth,,,,,,
308-BM833F,BM833F,Fanstel,https://ru.mouser.com/datasheet/2/915/BM833_datasheets-1669897.pdf,918  In Stock,$17.48,RoHS Compliant,New Product,https://ru.mouser.com/ProductDetail/Fanstel/BM833F?qs=xZ/P%2Ba9zWqZBImzuVOK21g==&utm_source=mouser-refine-download&utm_medium=file&utm_campaign=BM833F&utm_content=Fanstel,Bluetooth 5.1,Bluetooth Low Energy (BLE),"I2C, I2S, SPI, UART",8 dBm,2 Mb/s,- 97 dBm,,1.7 V to 5.5 V,- 40 C,+ 105 C,BM833,"Cut Tape, Reel",BLE,,"802.15.4 (ANT, Thread, Zigbee)",,,,
634-BGX13S22GA-V31R,BGX13S22GA-V31R,Silicon Labs,https://ru.mouser.com/datasheet/2/368/bgx13s-datasheet-1800115.pdf,"2,445  In Stock",$14.29,RoHS Compliant,New Product,https://ru.mouser.com/ProductDetail/Silicon-Labs/BGX13S22GA-V31R?qs=rkhjVJ6/3EKk150xO4f8fw==&utm_source=mouser-refine-download&utm_medium=file&utm_campaign=BGX13S22GA-V31R&utm_content=Silicon-Labs,Bluetooth 5.0,Bluetooth Low Energy (BLE),Serial,8 dBm,2 Mb/s,- 93.8 dBm,2.4 GHz,3.6 V,- 40 C,+ 85 C,BGX13S,"Cut Tape, Reel",BLE,,,,,,
963-EYSGJNAWY-VX,EYSGJNAWY-VX,Taiyo Yuden,https://ru.mouser.com/datasheet/2/396/TY_BLE_EYSGJNAWY-VX_DataReport_V1_0_20190423E-1773820.pdf,"1,559  In Stock",$18.88,RoHS Compliant,New Product,https://ru.mouser.com/ProductDetail/Taiyo-Yuden/EYSGJNAWY-VX?qs=OlC7AqGiEDnKgQCB8Sq0LA==&utm_source=mouser-refine-download&utm_medium=file&utm_campaign=EYSGJNAWY-VX&utm_content=Taiyo-Yuden,Bluetooth 4.2,Bluetooth Low Energy (BLE),UART,4 dBm,-,- 93 dBm,2.4 GHz,1.8 V to 3.6 V,- 25 C,+ 85 C,,"Cut Tape, Reel",BLE,,,,,,
239-453-00041C,453-00041C,Laird Connectivity,https://ru.mouser.com/datasheet/2/986/CS-DS-BL653_v0_1_-_PRELIM-1816284.pdf,209  In Stock,$11.43,RoHS Compliant,New Product,https://ru.mouser.com/ProductDetail/Laird-Connectivity/453-00041C?qs=vHuUswq2%2BsxsIICv/Paycg==&utm_source=mouser-refine-download&utm_medium=file&utm_campaign=453-00041C&utm_content=Laird-Connectivity,Bluetooth 5.1,Bluetooth Low Energy (BLE),"GPIO, I2C, I2S, SPI, UART, USB",8 dBm,1 Mb/s,- 95 dBm,2.402 GHz to 2.48 GHz,1.7 V to 5.5 V,- 40 C,+ 105 C,BL653,Cut Tape,BLE,,,,,,
239-453-00041R,453-00041R,Laird Connectivity,https://ru.mouser.com/datasheet/2/986/CS-DS-BL653_v0_1_-_PRELIM-1816284.pdf,619  In Stock,$12.89,RoHS Compliant,New Product,https://ru.mouser.com/ProductDetail/Laird-Connectivity/453-00041R?qs=vHuUswq2%2Bsw5H%2BzgA%2BE0lw==&utm_source=mouser-refine-download&utm_medium=file&utm_campaign=453-00041R&utm_content=Laird-Connectivity,Bluetooth 5.1,Bluetooth Low Energy (BLE),"GPIO, I2C, I2S, SPI, UART, USB",8 dBm,1 Mb/s,- 95 dBm,2.402 GHz to 2.48 GHz,1.7 V to 5.5 V,- 40 C,+ 105 C,BL653,"Cut Tape, Reel",BLE,,,,,,
727-CYBT-333047-02,CYBT-333047-02,Cypress Semiconductor,https://www.cypress.com/file/464611/download,87  In Stock,$16.55,RoHS Compliant,New Product,https://ru.mouser.com/ProductDetail/Cypress-Semiconductor/CYBT-333047-02?qs=BJlw7L4Cy78WJz3CzwBCCg==&utm_source=mouser-refine-download&utm_medium=file&utm_campaign=CYBT-333047-02&utm_content=Cypress-Semiconductor,Bluetooth 5.0,"Class 1, Class 2","I2C, I2S, PCM, SPI, UART",9 dBm,4 Mb/s,- 96.5 dBm,2.4 GHz,2.3 V to 3.6 V,- 30 C,+ 85 C,,"Cut Tape, Reel",BLE,,,,,,
579-DM164146,DM164146,Microchip Technology,https://ru.mouser.com/datasheet/2/268/BM7071-XPro-User-Guide-DS50002891A-1845964.pdf,17  In Stock,$107.53,RoHS Compliant,New At Mouser,https://ru.mouser.com/ProductDetail/Microchip-Technology/DM164146?qs=mAH9sUMRCtvx2NAR7tRnKQ==&utm_source=mouser-refine-download&utm_medium=file&utm_campaign=DM164146&utm_content=Microchip-Technology,,,,,,,,,,,,,,,,,,,
239-451-00004,451-00004,Laird Connectivity,https://ru.mouser.com/datasheet/2/986/CS-PB-BL654-USB_NORDIC_ZEPHYR_v1_0-1649602.pdf,55  In Stock,$27.56,RoHS Compliant,New Product,https://ru.mouser.com/ProductDetail/Laird-Connectivity/451-00004?qs=%2B6g0mu59x7K6kyswQSpefw==&utm_source=mouser-refine-download&utm_medium=file&utm_campaign=451-00004&utm_content=Laird-Connectivity,Bluetooth 5.0,Bluetooth Low Energy (BLE),"GPIO, I2C, I2S, SPI, UART, USB",8 dBm,2 Mb/s,- 92 dBm,,1.7 V to 3.6 V,- 40 C,+ 85 C,BL654,,Bluetooth,,,,,,
239-453-00039C,453-00039C,Laird Connectivity,https://ru.mouser.com/datasheet/2/986/CS-DS-BL653_v0_1_-_PRELIM-1816284.pdf,193  In Stock,$11.43,RoHS Compliant,New Product,https://ru.mouser.com/ProductDetail/Laird-Connectivity/453-00039C?qs=vHuUswq2%2Bsz1PRlEBlqeKA==&utm_source=mouser-refine-download&utm_medium=file&utm_campaign=453-00039C&utm_content=Laird-Connectivity,Bluetooth 5.1,Bluetooth Low Energy (BLE),"GPIO, I2C, I2S, SPI, UART, USB",8 dBm,1 Mb/s,- 95 dBm,2.402 GHz to 2.48 GHz,1.7 V to 5.5 V,- 40 C,+ 105 C,BL653,Cut Tape,BLE,,,,,,
634-BGX13S22GA-V31,BGX13S22GA-V31,Silicon Labs,https://ru.mouser.com/datasheet/2/368/bgx13s-datasheet-1800115.pdf,246  In Stock,$13.46,RoHS Compliant,New Product,https://ru.mouser.com/ProductDetail/Silicon-Labs/BGX13S22GA-V31?qs=rkhjVJ6/3EIcinFaDj869A==&utm_source=mouser-refine-download&utm_medium=file&utm_campaign=BGX13S22GA-V31&utm_content=Silicon-Labs,Bluetooth 5.0,Bluetooth Low Energy (BLE),Serial,8 dBm,2 Mb/s,- 93.8 dBm,2.4 GHz,3.6 V,- 40 C,+ 85 C,BGX13S,Tray,Bluetooth,,,,,,
634-BGM210L022JIF2,BGM210LA22JIF2,Silicon Labs,https://ru.mouser.com/datasheet/2/368/bgm210l-datasheet-1799976.pdf,79  In Stock,$19.11,RoHS Compliant,New Product,https://ru.mouser.com/ProductDetail/Silicon-Labs/BGM210LA22JIF2?qs=B6kkDfuK7/CTjdiw%2B/SpiA==&utm_source=mouser-refine-download&utm_medium=file&utm_campaign=BGM210LA22JIF2&utm_content=Silicon-Labs,,,,,,,2.4 GHz,,,,MGM210L,Cut Tape,,,"802.15.4 (ANT, Thread, Zigbee)",,,,
634-BGM210L022JNF2,BGM210LA22JNF2,Silicon Labs,https://ru.mouser.com/datasheet/2/368/bgm210l-datasheet-1799976.pdf,175  In Stock,$18.17,RoHS Compliant,New Product,https://ru.mouser.com/ProductDetail/Silicon-Labs/BGM210LA22JNF2?qs=B6kkDfuK7/B%2BX2mYvR6bIw==&utm_source=mouser-refine-download&utm_medium=file&utm_campaign=BGM210LA22JNF2&utm_content=Silicon-Labs,,,,,,,2.4 GHz,,,,MGM210L,Cut Tape,,,"802.15.4 (ANT, Thread, Zigbee)",,,,
634-MGM210L022JNF2,MGM210LA22JNF2,Silicon Labs,https://ru.mouser.com/datasheet/2/368/mgm210l-datasheet-1799971.pdf,257  In Stock,$19.95,RoHS Compliant,New Product,https://ru.mouser.com/ProductDetail/Silicon-Labs/MGM210LA22JNF2?qs=B6kkDfuK7/A6jkxYzaGrYg==&utm_source=mouser-refine-download&utm_medium=file&utm_campaign=MGM210LA22JNF2&utm_content=Silicon-Labs,,,,,,,2.4 GHz,,,,MGM210L,Cut Tape,Bluetooth,,,,,,
634-MGM210L022JIF2,MGM210LA22JIF2,Silicon Labs,https://ru.mouser.com/datasheet/2/368/mgm210l-datasheet-1799971.pdf,95  In Stock,$20.38,RoHS Compliant,New Product,https://ru.mouser.com/ProductDetail/Silicon-Labs/MGM210LA22JIF2?qs=B6kkDfuK7/Cmo6uRW0nGgA==&utm_source=mouser-refine-download&utm_medium=file&utm_campaign=MGM210LA22JIF2&utm_content=Silicon-Labs,,,,,,,2.4 GHz,,,,MGM210L,Cut Tape,Bluetooth,,,,,,
724-DA14531MODF01002,DA14531MOD-00F01002,Dialog Semiconductor,https://ru.mouser.com/datasheet/2/713/dial_s_a0011746895_1-2291402.pdf,"7,072  In Stock",$5.04,,New Product,https://ru.mouser.com/ProductDetail/Dialog-Semiconductor/DA14531MOD-00F01002?qs=vmHwEFxEFR/OK5Vt%2Bf/dqA==&utm_source=mouser-refine-download&utm_medium=file&utm_campaign=DA14531MOD-00F01002&utm_content=Dialog-Semiconductor,,Class 2,"I2C, SPI, UART",- 19 dBm to 2.2 dBm,,- 93 dBm,,1.8 V to 3.3 V,- 40 C,+ 85 C,,"Cut Tape, Reel",Bluetooth,,,,,,
603-BLED112,BLED112-V1,Silicon Labs,https://ru.mouser.com/datasheet/2/368/BLED112_DataSheet-1666179.pdf,"7,757  In Stock",$17.79,RoHS Compliant,,https://ru.mouser.com/ProductDetail/Silicon-Labs/BLED112-V1?qs=2bnkQPT%2BPaf%2BBQ6Sw8mJqQ==&utm_source=mouser-refine-download&utm_medium=file&utm_campaign=BLED112-V1&utm_content=Silicon-Labs,Bluetooth 4.0,Bluetooth Low Energy (BLE),Serial,0 dBm,100 kb/s,- 91 dBm,2.4 GHz,3.6 V to 5.5 V,- 40 C,+ 85 C,BLED112,"Cut Tape, Reel",BLE,,,,,,
814-451-00002,451-00002,Laird Connectivity,https://ru.mouser.com/datasheet/2/986/CS-DS-BL654_v1_8-1594183.pdf,"3,717  In Stock",$17.98,RoHS Compliant,,https://ru.mouser.com/ProductDetail/Laird-Connectivity/451-00002?qs=MLItCLRbWsz/HnUVwL2ZIw==&utm_source=mouser-refine-download&utm_medium=file&utm_campaign=451-00002&utm_content=Laird-Connectivity,Bluetooth 5.0,,Serial,8 dBm,2 Mb/s,- 92 dBm,2.402 GHz to 2.48 GHz,1.7 V to 3.6 V,- 40 C,+ 85 C,BL65x,Cut Tape,Bluetooth,,"802.15.4 (ANT, Thread, Zigbee)",NFC,,,
603-BLE112-E,BLE112-E-V1,Silicon Labs,https://ru.mouser.com/datasheet/2/368/Bluegiga_Technologies_BLE112_Datasheet-1203259.pdf,"2,985  In Stock",$18.31,RoHS Compliant,,https://ru.mouser.com/ProductDetail/Silicon-Labs/BLE112-E-V1?qs=ScTHCgOnmkJr4yZ6DvcGCg==&utm_source=mouser-refine-download&utm_medium=file&utm_campaign=BLE112-E-V1&utm_content=Silicon-Labs,Bluetooth 4.0,Bluetooth Low Energy (BLE),"SPI, UART, USB",3 dBm,2 Mb/s,- 85 dBm to - 91 dBm,,2 V to 3.6 V,- 40 C,+ 85 C,BLE112,"Cut Tape, MouseReel, Reel",BLE,,,,,,
603-BLE113-A-M256K,BLE113-A-M256K,Silicon Labs,https://ru.mouser.com/datasheet/2/368/Bluegiga_Technologies_BLE113_Datasheet-1203352.pdf,"6,281  In Stock",$18.31,RoHS Compliant,,https://ru.mouser.com/ProductDetail/Silicon-Labs/BLE113-A-M256K?qs=wdFjVBeWcizaWJlbN78LqA==&utm_source=mouser-refine-download&utm_medium=file&utm_campaign=BLE113-A-M256K&utm_content=Silicon-Labs,Bluetooth 4.0,Bluetooth Low Energy (BLE),"I2C, SPI, UART",0 dBm,2 Mb/s,- 93 dBm,2.4 GHz,2 V to 3.6 V,- 40 C,+ 85 C,BLE113,"Cut Tape, MouseReel, Reel",Bluetooth,,,,,,
603-BLE112-A,BLE112-A-V1,Silicon Labs,https://ru.mouser.com/datasheet/2/368/Bluegiga_Technologies_BLE112_Datasheet-1203259.pdf,"17,270  In Stock",$18.31,RoHS Compliant,,https://ru.mouser.com/ProductDetail/Silicon-Labs/BLE112-A-V1?qs=ScTHCgOnmkJ6UytbwX03ig==&utm_source=mouser-refine-download&utm_medium=file&utm_campaign=BLE112-A-V1&utm_content=Silicon-Labs,Bluetooth 4.0,Bluetooth Low Energy (BLE),"SPI, UART, USB",3 dBm,2 Mb/s,- 85 dBm to - 91 dBm,,2 V to 3.6 V,- 40 C,+ 85 C,BLE112,"Cut Tape, MouseReel, Reel",BLE,,,,,,
308-BT840F,BT840F,Fanstel,https://ru.mouser.com/datasheet/2/915/BlueNor_BT840F_datasheets-1622692.pdf,"12,597  In Stock",$18.98,RoHS Compliant,,https://ru.mouser.com/ProductDetail/Fanstel/BT840F?qs=wUXugUrL1qw0wTGnH5Bx8A==&utm_source=mouser-refine-download&utm_medium=file&utm_campaign=BT840F&utm_content=Fanstel,Bluetooth 5.0,Bluetooth Low Energy (BLE),"I2C, SPI, UART, USB",8 dBm,2 Mb/s,- 96 dBm,2.4 GHz,1.7 V to 5.5 V,- 40 C,+ 85 C,BT840,"Cut Tape, Reel",Bluetooth,,,,,,
603-BLE113-A,BLE113-A-V1,Silicon Labs,https://ru.mouser.com/datasheet/2/368/Bluegiga_Technologies_BLE113_Datasheet-1203352.pdf,"8,096  In Stock",$20.32,RoHS Compliant,,https://ru.mouser.com/ProductDetail/Silicon-Labs/BLE113-A-V1?qs=ScTHCgOnmkIx3LJwm3iLtQ==&utm_source=mouser-refine-download&utm_medium=file&utm_campaign=BLE113-A-V1&utm_content=Silicon-Labs,Bluetooth 4.0,Bluetooth Low Energy (BLE),"I2C, SPI, UART",0 dBm,2 Mb/s,- 93 dBm,2.4 GHz,2 V to 3.6 V,- 40 C,+ 85 C,BLE113,"Cut Tape, MouseReel, Reel",Bluetooth,,,,,,
634-BGX13S22GA-V21R,BGX13S22GA-V21R,Silicon Labs,https://ru.mouser.com/datasheet/2/368/bgx13s-datasheet-1800115.pdf,"1,277  In Stock",$10.02,RoHS Compliant,,https://ru.mouser.com/ProductDetail/Silicon-Labs/BGX13S22GA-V21R?qs=w/v1CP2dgqrEbDwA6YVyeA==&utm_source=mouser-refine-download&utm_medium=file&utm_campaign=BGX13S22GA-V21R&utm_content=Silicon-Labs,Bluetooth 5.0,Bluetooth Low Energy (BLE),,8 dBm,2 Mb/s,- 90.2 dBm,2.4 GHz,1.62 V to 3.6 V,- 40 C,+ 85 C,BGX13S,"Cut Tape, Reel",Bluetooth,,,,,,
359-ISP1907-HT-JT,ISP1907-HT-JT,Insight SiP,https://ru.mouser.com/datasheet/2/889/isp_ble_DS1907-1901910.pdf,152  In Stock,$23.59,RoHS Compliant,New Product,https://ru.mouser.com/ProductDetail/Insight-SiP/ISP1907-HT-JT?qs=%2B6g0mu59x7JELnIt48bXsw==&utm_source=mouser-refine-download&utm_medium=file&utm_campaign=ISP1907-HT-JT&utm_content=Insight-SiP,Bluetooth 5.1,,"ADC, I2C, ISC, NFC, PDM, UART, USB",8 dBm,2000 kb/s,,2.4 GHz,1.7 V to 3.6 V,- 40 C,+ 105 C,,Tray,Bluetooth,,,,,,
308-BT832A,BT832A,Fanstel,https://ru.mouser.com/datasheet/2/915/BlueNor_BT832_datasheets-1360461.pdf,"2,000  In Stock",$11.89,RoHS Compliant,,https://ru.mouser.com/ProductDetail/Fanstel/BT832A?qs=wUXugUrL1qzU/tHKhxjfLQ==&utm_source=mouser-refine-download&utm_medium=file&utm_campaign=BT832A&utm_content=Fanstel,Bluetooth 5.0,Bluetooth Low Energy (BLE),"I2C, SPI, UART",4 dBm,1 Mb/s,- 96 dBm,2.4 GHz,1.7 V to 3.6 V,- 40 C,+ 85 C,BT832,"Cut Tape, Reel",Bluetooth,,,,,,
308-BT840,BT840,Fanstel,https://ru.mouser.com/datasheet/2/915/BlueNor_BT840F_datasheets-1622692.pdf,451  In Stock,$16.91,RoHS Compliant,,https://ru.mouser.com/ProductDetail/Fanstel/BT840?qs=wUXugUrL1qwKnRfO7R7SwQ==&utm_source=mouser-refine-download&utm_medium=file&utm_campaign=BT840&utm_content=Fanstel,Bluetooth 5.0,Bluetooth Low Energy (BLE),"I2C, SPI, UART, USB",8 dBm,2 Mb/s,- 96 dBm,2.4 GHz,1.7 V to 5.5 V,- 40 C,+ 85 C,BT840,"Cut Tape, MouseReel, Reel",Bluetooth,,,,,,
814-BT851,BT851,Laird Connectivity,https://ru.mouser.com/datasheet/2/986/BT85x_Datasheet_-_v1_0-1590929.pdf,457  In Stock,$19.57,RoHS Compliant,,https://ru.mouser.com/ProductDetail/Laird-Connectivity/BT851?qs=f9yNj16SXrJa4NB0X/ixxw==&utm_source=mouser-refine-download&utm_medium=file&utm_campaign=BT851&utm_content=Laird-Connectivity,Bluetooth 4.2,Class 1,"2-Wire, GPIO, I2S, PCM, UART",,3 Mb/s,- 94 dBm,2.4 GHz,5 V,- 30 C,+ 85 C,,,Bluetooth,,,,,,
308-BM832A,BM832A,Fanstel,https://ru.mouser.com/datasheet/2/915/Fanstel_Corporation_03072019_BM832-1540072.pdf,"1,968  In Stock",$9.92,,,https://ru.mouser.com/ProductDetail/Fanstel/BM832A?qs=u16ybLDytRZCwQyjdWzEgg==&utm_source=mouser-refine-download&utm_medium=file&utm_campaign=BM832A&utm_content=Fanstel,Bluetooth 5.0,Bluetooth Low Energy (BLE),"I2C, I2S, SPI, UART",4 dBm,1 Mb/s,- 89 dBm,2.4 GHz,1.7 V to 3.6 V,- 40 C,+ 85 C,BM832,"Cut Tape, Reel",Bluetooth,,,,,,
579-BM70BLES1FC2-0B0,BM70BLES1FC2-0B04AA,Microchip Technology,https://ru.mouser.com/datasheet/2/268/Bluetooth_Low_Energy_BLE_Module_DS60001372K-2257931.pdf,236  In Stock,$11.97,RoHS Compliant,,https://ru.mouser.com/ProductDetail/Microchip-Technology/BM70BLES1FC2-0B04AA?qs=w/v1CP2dgqqpDh2mKNR3aQ==&utm_source=mouser-refine-download&utm_medium=file&utm_campaign=BM70BLES1FC2-0B04AA&utm_content=Microchip-Technology,Bluetooth 4.2,Bluetooth Low Energy (BLE),Serial,0 dBm,-,- 90 dBm,2.4 GHz,1.9 V to 3.6 V,- 40 C,+ 85 C,BM70,Tray,BLE,,,,,,
727-CYBT-343026-01,CYBT-343026-01,Cypress Semiconductor,https://ru.mouser.com/datasheet/2/100/002-19525_CYBT-343026-01_EZ-BT_TM_WICED_MODULE-1375376.pdf,425  In Stock,$13.31,RoHS Compliant,,https://ru.mouser.com/ProductDetail/Cypress-Semiconductor/CYBT-343026-01?qs=F5EMLAvA7ICuuTf70175xw==&utm_source=mouser-refine-download&utm_medium=file&utm_campaign=CYBT-343026-01&utm_content=Cypress-Semiconductor,Bluetooth 5.0,"Class 1, Class 2","I2C, SPI, UART",9 dBm,3 Mb/s,- 93.5 dBm,2.4 GHz,,- 30 C,+ 85 C,,"Cut Tape, MouseReel, Reel",BLE,,,,,,
634-BGM11S22F256GAV2,BGM11S22F256GA-V2,Silicon Labs,https://ru.mouser.com/datasheet/2/368/bgm11s-datasheet-1666168.pdf,517  In Stock,$13.58,RoHS Compliant,,https://ru.mouser.com/ProductDetail/Silicon-Labs/BGM11S22F256GA-V2?qs=5aG0NVq1C4zz/5an3ZPxqA==&utm_source=mouser-refine-download&utm_medium=file&utm_campaign=BGM11S22F256GA-V2&utm_content=Silicon-Labs,Bluetooth 4.2,Bluetooth Low Energy (BLE),"I2C, UART, USART",8 dBm,1 Mb/s,- 90 dBm,2.4 GHz,1.85 V to 3.8 V,- 40 C,+ 85 C,BGM11S,Tray,Bluetooth,,,,,,
634-BLED112-V1C,BLED112-V1C,Silicon Labs,https://ru.mouser.com/datasheet/2/368/BLED112_DataSheet-1666179.pdf,390  In Stock,$24.65,RoHS Compliant,,https://ru.mouser.com/ProductDetail/Silicon-Labs/BLED112-V1C?qs=8HqIXBaaO6zjZ6K0tFUm5w==&utm_source=mouser-refine-download&utm_medium=file&utm_campaign=BLED112-V1C&utm_content=Silicon-Labs,,Bluetooth Low Energy (BLE),Serial,0 dBm,100 kb/s,- 91 dBm,2.4 GHz,3.6 V to 5.5 V,- 40 C,+ 85 C,BLED112,Cut Tape,BLE,,,,,,
727-CYBLE-214015-01,CYBLE-214015-01,Cypress Semiconductor,https://ru.mouser.com/datasheet/2/100/002-15923_CYBLE-214015-01_EZ-BLE_TM_CREATOR_MODULE-1485086.pdf,222  In Stock,$29.03,RoHS Compliant,,https://ru.mouser.com/ProductDetail/Cypress-Semiconductor/CYBLE-214015-01?qs=wd5RIQLrsJhcYt83vZQWnA==&utm_source=mouser-refine-download&utm_medium=file&utm_campaign=CYBLE-214015-01&utm_content=Cypress-Semiconductor,Bluetooth 4.2,Bluetooth Low Energy (BLE),Serial,3 dBm,1 Mb/s,,2.4 GHz to 2.5 GHz,1.9 V to 5.5 V,- 40 C,+ 85 C,,"Cut Tape, MouseReel, Reel",BLE,,,,,,
308-BT840XE,BT840XE,Fanstel,https://ru.mouser.com/datasheet/2/915/BlueNor_BT840F_datasheets-1622692.pdf,666  In Stock,$31.90,RoHS Compliant,,https://ru.mouser.com/ProductDetail/Fanstel/BT840XE?qs=wUXugUrL1qzg1yWpltDy7A==&utm_source=mouser-refine-download&utm_medium=file&utm_campaign=BT840XE&utm_content=Fanstel,Bluetooth 5.0,Bluetooth Low Energy (BLE),"I2C, SPI, UART, USB",21 dBm,1 Mb/s,- 96 dBm,2.4 GHz,1.7 V to 5.5 V,- 40 C,+ 85 C,BT840,"Cut Tape, Reel",Bluetooth,,,,,,
727-CYBLE-224116-01,CYBLE-224116-01,Cypress Semiconductor,https://ru.mouser.com/datasheet/2/100/002-12524_CYBLE-224116-01_EZ-BLE_PSOC_XT_XR_BT_4.2-1219011.pdf,230  In Stock,$38.64,RoHS Compliant,,https://ru.mouser.com/ProductDetail/Cypress-Semiconductor/CYBLE-224116-01?qs=1mbolxNpo8dwAL0FYHQudA==&utm_source=mouser-refine-download&utm_medium=file&utm_campaign=CYBLE-224116-01&utm_content=Cypress-Semiconductor,Bluetooth 4.2,Bluetooth Low Energy (BLE),"I2C, SPI, UART",9.5 dBm,1 Mb/s,- 95 dBm,2.4 GHz,2 V to 3.6 V,- 40 C,+ 105 C,,"Cut Tape, MouseReel, Reel",BLE,,,,,,
308-BC840M,BC840M,Fanstel,https://ru.mouser.com/datasheet/2/915/BlueNor_BC840_datasheets-1622924.pdf,295  In Stock,$22.39,,,https://ru.mouser.com/ProductDetail/Fanstel/BC840M?qs=u16ybLDytRZa5UIIAE9k/w==&utm_source=mouser-refine-download&utm_medium=file&utm_campaign=BC840M&utm_content=Fanstel,Bluetooth 5.0,Bluetooth Low Energy (BLE),"I2C, QSPI, SPI, UART, USB",,2 Mb/s,- 96 dBm,2.4 GHz,1.7 V to 5.5 V,- 40 C,+ 85 C,BC840,,Bluetooth,,,,,,
814-BT860-SA,BT860-SA,Laird Connectivity,https://ru.mouser.com/datasheet/2/986/BT860_Datasheet_-_v1_0-1590841.pdf,363  In Stock,$12.75,RoHS Compliant,,https://ru.mouser.com/ProductDetail/Laird-Connectivity/BT860-SA?qs=f9yNj16SXrLspoPo4NalIA==&utm_source=mouser-refine-download&utm_medium=file&utm_campaign=BT860-SA&utm_content=Laird-Connectivity,Bluetooth 4.2,Class 1,"2-Wire, GPIO, I2S, PCM, UART",8 dBm,4 Mb/s,- 94 dBm,2.4 GHz,3 V to 3.6 V,- 30 C,+ 85 C,,Cut Tape,Bluetooth,,,,,,
634-WT11U-E-AI56,WT11U-E-AI56,Silicon Labs,https://ru.mouser.com/datasheet/2/368/wt11u-datasheet-1317532.pdf,441  In Stock,$43.24,RoHS Compliant,,https://ru.mouser.com/ProductDetail/Silicon-Labs/WT11U-E-AI56?qs=8HqIXBaaO6yqta7kho9eNg==&utm_source=mouser-refine-download&utm_medium=file&utm_campaign=WT11U-E-AI56&utm_content=Silicon-Labs,Bluetooth 2.1 + EDR,Class 1,"GPIO, PCM, SPI, UART, USB",17 dBm,3 Mb/s,- 84 dBm,,3.2 V to 3.4 V,- 40 C,+ 85 C,WT11u,"Cut Tape, Reel",Bluetooth,,,,,,
727-CYBT-353027-02,CYBT-353027-02,Cypress Semiconductor,https://www.cypress.com/file/416356/download,999  In Stock,$17.92,RoHS Compliant,,https://ru.mouser.com/ProductDetail/Cypress-Semiconductor/CYBT-353027-02?qs=qSfuJ%2Bfl/d6EVVA66oNxuQ==&utm_source=mouser-refine-download&utm_medium=file&utm_campaign=CYBT-353027-02&utm_content=Cypress-Semiconductor,Bluetooth 5.0,"Bluetooth Low Energy (BLE), Class 1, Class 2","I2C, SPI, UART",12 dBm,,"- 93.5 dBm, - 96.5 dBm",2.402 GHz to 2.48 GHz,2.3 V to 3.6 V,- 30 C,+ 85 C,,"Cut Tape, Reel",BLE,,,,,,
727-CYBLE-013025-00,CYBLE-013025-00,Cypress Semiconductor,https://ru.mouser.com/datasheet/2/100/CYBLE-0130XX-00_EZ-BLE_WICED_MODULE-1375365.pdf,991  In Stock,$9.63,RoHS Compliant,,https://ru.mouser.com/ProductDetail/Cypress-Semiconductor/CYBLE-013025-00?qs=F5EMLAvA7IA%2BPnWrPsxPuQ==&utm_source=mouser-refine-download&utm_medium=file&utm_campaign=CYBLE-013025-00&utm_content=Cypress-Semiconductor,Bluetooth 4.1,"Bluetooth Low Energy (BLE), Class 2","I2C, SPI, UART",4 dBm,1 Mb/s,- 94 dBm,2.4 GHz,2.3 V to 3.63 V,- 30 C,+ 85 C,,"Cut Tape, MouseReel, Reel",BLE,,,,,,
308-BT832AF,BT832AF,Fanstel,https://ru.mouser.com/datasheet/2/915/BlueNor_BT832_datasheets-1360461.pdf,838  In Stock,$13.12,RoHS Compliant,,https://ru.mouser.com/ProductDetail/Fanstel/BT832AF?qs=wUXugUrL1qxZrzNsYaytIA==&utm_source=mouser-refine-download&utm_medium=file&utm_campaign=BT832AF&utm_content=Fanstel,Bluetooth 5.0,Bluetooth Low Energy (BLE),"I2C, SPI, UART",4 dBm,1 Mb/s,- 96 dBm,2.4 GHz,1.7 V to 3.6 V,- 40 C,+ 85 C,BT832,"Cut Tape, Reel",Bluetooth,,,,,,
579-64SPKS1MC100M2AA,BM64SPKS1MC1-00M2AA,Microchip Technology,https://ru.mouser.com/datasheet/2/268/BM62_64_Bluetooth_Stereo_Audio_Module_DS60001403G-2325296.pdf,22  In Stock,$23.48,RoHS Compliant,,https://ru.mouser.com/ProductDetail/Microchip-Technology/BM64SPKS1MC1-00M2AA?qs=u16ybLDytRaZnJpqpXAAgw==&utm_source=mouser-refine-download&utm_medium=file&utm_campaign=BM64SPKS1MC1-00M2AA&utm_content=Microchip-Technology,Bluetooth 4.2,Class 1,UART,15 dBm,2 Mb/s,- 90 dBm,,3.2 V to 4.2 V,- 20 C,+ 70 C,BM64,Tray,Bluetooth,,,,,,
239-453-00006,453-00006,Laird Connectivity,https://www.lairdconnect.com/documentation/datasheet-bl651,882  In Stock,$9.80,RoHS Compliant,,https://ru.mouser.com/ProductDetail/Laird-Connectivity/453-00006?qs=qSfuJ%2Bfl/d6BCV4KJz3xLg==&utm_source=mouser-refine-download&utm_medium=file&utm_campaign=453-00006&utm_content=Laird-Connectivity,Bluetooth 5.0,Bluetooth Low Energy (BLE),Serial,4 dBm,2 Mb/s,- 96 dBm,2.4 GHz,1.7 V to 3.6 V,- 40 C,+ 85 C,BL65x,"Cut Tape, MouseReel, Reel",Bluetooth,,,,,,
667-ENW-89854A3KF,ENW-89854A3KF,Panasonic,https://ru.mouser.com/datasheet/2/315/Panasonic_RF_Module_BT_LE__PAN1780AT_Series_-1947642.pdf,"1,000  In Stock",$27.00,RoHS Compliant,New Product,https://ru.mouser.com/ProductDetail/Panasonic/ENW-89854A3KF?qs=81r%2BiQLm7BSuNx4i33YnWw==&utm_source=mouser-refine-download&utm_medium=file&utm_campaign=ENW-89854A3KF&utm_content=Panasonic,Bluetooth 5.0,,"GPIO, UART, USB",8 dBm,2 Mb/s,- 92 dBm,2.4 GHz to 2.8 GHz,1.7 V to 5.5 V,- 40 C,+ 85 C,PAN1780-AT,"Cut Tape, Reel",Bluetooth,,,NFC,,,
727-CYBLE-013030-00,CYBLE-013030-00,Cypress Semiconductor,https://ru.mouser.com/datasheet/2/100/CYBLE-0130XX-00_EZ-BLE_WICED_MODULE-1375365.pdf,488  In Stock,$11.32,RoHS Compliant,,https://ru.mouser.com/ProductDetail/Cypress-Semiconductor/CYBLE-013030-00?qs=%2BEew9%2B0nqrDRnZZTsNNv8Q==&utm_source=mouser-refine-download&utm_medium=file&utm_campaign=CYBLE-013030-00&utm_content=Cypress-Semiconductor,Bluetooth 4.1,"Bluetooth Low Energy (BLE), Class 2","I2C, SPI, UART",4 dBm,1 Mb/s,- 94 dBm,2.4 GHz,1.62 V to 3.63 V,- 30 C,+ 85 C,,"Cut Tape, MouseReel, Reel",BLE,,,,,,
359-ISP1907-LL-RS,ISP1907-LL-RS,Insight SiP,https://ru.mouser.com/datasheet/2/889/isp_ble_DS1907-1901910.pdf,492  In Stock,$17.94,RoHS Compliant,New Product,https://ru.mouser.com/ProductDetail/Insight-SiP/ISP1907-LL-RS?qs=%2B6g0mu59x7KQiojEFRDwOQ==&utm_source=mouser-refine-download&utm_medium=file&utm_campaign=ISP1907-LL-RS&utm_content=Insight-SiP,Bluetooth 5.1,,"ADC, I2C, ISC, NFC, PDM, UART, USB",4 dBm,2000 kb/s,,2.4 GHz,1.7 V to 3.6 V,- 40 C,+ 85 C,,"Cut Tape, Reel",Bluetooth,,,,,,
579-BM23SPKA1NB90B,BM23SPKA1NB9-0B02AA,Microchip Technology,https://ru.mouser.com/datasheet/2/268/BM2x_Stereo_Module_Data_sheet_4-21-17-1366844.pdf,126  In Stock,$13.31,RoHS Compliant,,https://ru.mouser.com/ProductDetail/Microchip-Technology/BM23SPKA1NB9-0B02AA?qs=y6ZabgHbY%2BxFM6z4W36tiA==&utm_source=mouser-refine-download&utm_medium=file&utm_campaign=BM23SPKA1NB9-0B02AA&utm_content=Microchip-Technology,Bluetooth 4.1,Class 2,Serial,4 dBm,-,- 91 dBm,2.4 GHz,3.7 V,- 20 C,+ 70 C,BM23,Tray,Bluetooth,,,,,,
814-BT850-SA,BT850-SA,Laird Connectivity,https://ru.mouser.com/datasheet/2/986/BT85x_Datasheet_-_v1_0-1590929.pdf,96  In Stock,$13.44,RoHS Compliant,,https://ru.mouser.com/ProductDetail/Laird-Connectivity/BT850-SA?qs=f9yNj16SXrK0nTjqsBZKLw==&utm_source=mouser-refine-download&utm_medium=file&utm_campaign=BT850-SA&utm_content=Laird-Connectivity,Bluetooth 4.2,Class 1,"2-Wire, GPIO, I2S, PCM, UART",8 dBm,3 Mb/s,- 94 dBm,2.4 GHz,3 V to 3.6 V,- 30 C,+ 85 C,,Cut Tape,Bluetooth,,,,,,
392-UDG-NRF52840,UDG-NRF52840,Crowd Supply,https://sourceforge.net/projects/blyst840/files/docs/,16  In Stock,$56.78,RoHS Compliant,New Product,https://ru.mouser.com/ProductDetail/Crowd-Supply/UDG-NRF52840?qs=hWgE7mdIu5Qg84hhYfYGcw==&utm_source=mouser-refine-download&utm_medium=file&utm_campaign=UDG-NRF52840&utm_content=Crowd-Supply,,,,,,,,USB Dongles,,,,,,,,,,,
392-UDG-NRF52840C,UDG-NRF52840C,Crowd Supply,https://sourceforge.net/projects/blyst840/files/docs/,17  In Stock,$64.88,RoHS Compliant,New Product,https://ru.mouser.com/ProductDetail/Crowd-Supply/UDG-NRF52840C?qs=hWgE7mdIu5S1s5VHfDBGXw==&utm_source=mouser-refine-download&utm_medium=file&utm_campaign=UDG-NRF52840C&utm_content=Crowd-Supply,,,,,,,,USB Dongles,,,,,,,,,,,
308-BC840,BC840,Fanstel,https://ru.mouser.com/datasheet/2/915/BlueNor_BC840_datasheets-1622924.pdf,19  In Stock,$18.17,,,https://ru.mouser.com/ProductDetail/Fanstel/BC840?qs=u16ybLDytRamFAj8atmjMQ==&utm_source=mouser-refine-download&utm_medium=file&utm_campaign=BC840&utm_content=Fanstel,Bluetooth 5.0,Bluetooth Low Energy (BLE),"I2C, QSPI, SPI, UART, USB",,2 Mb/s,- 96 dBm,2.4 GHz,1.7 V to 5.5 V,- 40 C,+ 85 C,BC840,,Bluetooth,,,,,,
727-CYBLE-416045-02,CYBLE-416045-02,Cypress Semiconductor,https://www.cypress.com/file/428336/download,41  In Stock,$23.96,,,https://ru.mouser.com/ProductDetail/Cypress-Semiconductor/CYBLE-416045-02?qs=qSfuJ%2Bfl/d4tWEquEtT6oQ==&utm_source=mouser-refine-download&utm_medium=file&utm_campaign=CYBLE-416045-02&utm_content=Cypress-Semiconductor,Bluetooth 5.0,Bluetooth Low Energy (BLE),"I2C, SPI, UART",4 dBm,,- 93 dBm,2.4 GHz,1.71 V to 3.6 V,- 40 C,+ 85 C,,"Cut Tape, MouseReel, Reel",BLE,,,,,,
814-451-00003,451-00003,Laird Connectivity,https://ru.mouser.com/datasheet/2/986/CS-PB-BL654-USB_v1_0-1649577.pdf,31  In Stock,$47.01,RoHS Compliant,,https://ru.mouser.com/ProductDetail/Laird-Connectivity/451-00003?qs=MLItCLRbWsxo9BB/Irm4GQ==&utm_source=mouser-refine-download&utm_medium=file&utm_campaign=451-00003&utm_content=Laird-Connectivity,Bluetooth 5.0,,,,,,,,,,BL65x,,Bluetooth,,,,,,
634-BGM11S12F256GAV2,BGM11S12F256GA-V2,Silicon Labs,https://ru.mouser.com/datasheet/2/368/bgm11s-datasheet-1666168.pdf,828  In Stock,$12.96,RoHS Compliant,,https://ru.mouser.com/ProductDetail/Silicon-Labs/BGM11S12F256GA-V2?qs=5aG0NVq1C4ypi/m10Lud%2Bw==&utm_source=mouser-refine-download&utm_medium=file&utm_campaign=BGM11S12F256GA-V2&utm_content=Silicon-Labs,Bluetooth 4.2,Bluetooth Low Energy (BLE),"I2C, UART, USART",3 dBm,1 Mb/s,- 90 dBm,2.4 GHz,1.85 V to 3.8 V,- 40 C,+ 85 C,BGM11S,Tray,Bluetooth,,,,,,
579-BM23SPKS1NB90B,BM23SPKS1NB9-0B02AA,Microchip Technology,https://ru.mouser.com/datasheet/2/268/BM2x_Stereo_Module_Data_sheet_4-21-17-1366844.pdf,95  In Stock,$14.11,RoHS Compliant,,https://ru.mouser.com/ProductDetail/Microchip-Technology/BM23SPKS1NB9-0B02AA?qs=y6ZabgHbY%2BzkwuRJuhroXA==&utm_source=mouser-refine-download&utm_medium=file&utm_campaign=BM23SPKS1NB9-0B02AA&utm_content=Microchip-Technology,Bluetooth 4.1,Class 2,Serial,4 dBm,-,- 91 dBm,2.4 GHz,3.7 V,- 20 C,+ 70 C,BM23,Tray,Bluetooth,,,,,,
579-BM71BLE01FC2-B04,BM71BLE01FC2-0B04AA,Microchip Technology,https://ru.mouser.com/datasheet/2/268/Bluetooth_Low_Energy_BLE_Module_DS60001372K-2257931.pdf,216  In Stock,$9.92,RoHS Compliant,,https://ru.mouser.com/ProductDetail/Microchip-Technology/BM71BLE01FC2-0B04AA?qs=w/v1CP2dgqorRG6I8c9tdg==&utm_source=mouser-refine-download&utm_medium=file&utm_campaign=BM71BLE01FC2-0B04AA&utm_content=Microchip-Technology,Bluetooth 4.2,Bluetooth Low Energy (BLE),Serial,0 dBm,-,- 90 dBm,2.4 GHz,1.9 V to 3.6 V,- 40 C,+ 85 C,BM71,Tray,BLE,,,,,,
814-BT860-ST,BT860-ST,Laird Connectivity,https://ru.mouser.com/datasheet/2/986/BT860_Datasheet_-_v1_0-1590841.pdf,45  In Stock,$11.60,RoHS Compliant,,https://ru.mouser.com/ProductDetail/Laird-Connectivity/BT860-ST?qs=f9yNj16SXrJyqQefRDWo0A==&utm_source=mouser-refine-download&utm_medium=file&utm_campaign=BT860-ST&utm_content=Laird-Connectivity,Bluetooth 4.2,Class 1,"2-Wire, GPIO, I2S, PCM, UART",8 dBm,4 Mb/s,- 94 dBm,2.4 GHz,3 V to 3.6 V,- 30 C,+ 85 C,,Cut Tape,Bluetooth,,,,,,
239-453-00006C,453-00006C,Laird Connectivity,https://www.lairdconnect.com/documentation/datasheet-bl651,56  In Stock,$10.57,RoHS Compliant,,https://ru.mouser.com/ProductDetail/Laird-Connectivity/453-00006C?qs=qSfuJ%2Bfl/d6zW5mEnyw4/g==&utm_source=mouser-refine-download&utm_medium=file&utm_campaign=453-00006C&utm_content=Laird-Connectivity,Bluetooth 5.0,Bluetooth Low Energy (BLE),Serial,4 dBm,2 Mb/s,- 96 dBm,2.4 GHz,1.7 V to 3.6 V,- 40 C,+ 85 C,BL65x,Cut Tape,Bluetooth,,,,,,
579-BM70BLE01FC2-004,BM70BLE01FC2-0B04AA,Microchip Technology,https://ru.mouser.com/datasheet/2/268/Bluetooth_Low_Energy_BLE_Module_DS60001372K-2257931.pdf,136  In Stock,$9.92,RoHS Compliant,,https://ru.mouser.com/ProductDetail/Microchip-Technology/BM70BLE01FC2-0B04AA?qs=w/v1CP2dgqqil30MzjtVqw==&utm_source=mouser-refine-download&utm_medium=file&utm_campaign=BM70BLE01FC2-0B04AA&utm_content=Microchip-Technology,Bluetooth 4.2,Bluetooth Low Energy (BLE),Serial,0 dBm,-,- 90 dBm,2.4 GHz,1.9 V to 3.6 V,- 40 C,+ 85 C,BM70,Tray,BLE,,,,,,
634-BGX13S22GA-V21,BGX13S22GA-V21,Silicon Labs,https://ru.mouser.com/datasheet/2/368/bgx13s-datasheet-1800115.pdf,141  In Stock,$13.37,RoHS Compliant,,https://ru.mouser.com/ProductDetail/Silicon-Labs/BGX13S22GA-V21?qs=w/v1CP2dgqrSxwspCEWqZA==&utm_source=mouser-refine-download&utm_medium=file&utm_campaign=BGX13S22GA-V21&utm_content=Silicon-Labs,Bluetooth 5.0,Bluetooth Low Energy (BLE),,8 dBm,2 Mb/s,- 90.2 dBm,2.4 GHz,1.62 V to 3.6 V,- 40 C,+ 85 C,BGX13S,Tray,Bluetooth,,,,,,
239-451-00002C,451-00002C,Laird Connectivity,https://ru.mouser.com/datasheet/2/986/CS-DS-BL654_v1_8-1594183.pdf,40  In Stock,$22.50,RoHS Compliant,,https://ru.mouser.com/ProductDetail/Laird-Connectivity/451-00002C?qs=qSfuJ%2Bfl/d6lTSEhMXETAA==&utm_source=mouser-refine-download&utm_medium=file&utm_campaign=451-00002C&utm_content=Laird-Connectivity,Bluetooth 5.0,Bluetooth Low Energy (BLE),,8 dBm,2 Mb/s,- 92 dBm,2.4 GHz,1.7 V to 3.6 V,- 40 C,+ 85 C,BL65x,Cut Tape,Bluetooth,,"802.15.4 (ANT, Thread, Zigbee)",NFC,,,
742-VB1200001000C0PK,VB12-0000-1000-C0-PK,UDOO,https://ru.mouser.com/datasheet/2/759/UDOO_BLU_BRICKS_datasheet-1129406.pdf,119  In Stock,$37.00,RoHS Compliant,,https://ru.mouser.com/ProductDetail/UDOO/VB12-0000-1000-C0-PK?qs=EU6FO9ffTwfP09ibkaDsSw==&utm_source=mouser-refine-download&utm_medium=file&utm_campaign=VB12-0000-1000-C0-PK&utm_content=UDOO,Bluetooth 4.1,Bluetooth Low Energy (BLE),"I2C, SPI, UART",,,,2.4 GHz,3.3 V,,,,,Bluetooth,,,,,,
909-BLE-SERIAL-HC-06,BLUETOOTH-SERIAL-HC-06,Olimex Ltd.,https://ru.mouser.com/datasheet/2/306/hc06-1324356.pdf,327  In Stock,$16.12,,,https://ru.mouser.com/ProductDetail/Olimex-Ltd/BLUETOOTH-SERIAL-HC-06?qs=tMOYG%2Bw4%2BLzhaOkVjDuAYw==&utm_source=mouser-refine-download&utm_medium=file&utm_campaign=BLUETOOTH-SERIAL-HC-06&utm_content=Olimex-Ltd.,Bluetooth 2.0 + EDR,Class 2,Serial,6 dBm,3 Mb/s,- 80 dBm,2.4 GHz,3.1 V to 4.2 V,- 25 C,+ 75 C,,,Bluetooth,,,,,,
667-ENW-89823A5KF,ENW-89823A5KF,Panasonic,https://ru.mouser.com/datasheet/2/315/panasonic_08042019_RF_Module_(PAN1326C2_Series)-1627501.pdf,492  In Stock,$18.71,RoHS Compliant,New Product,https://ru.mouser.com/ProductDetail/Panasonic/ENW-89823A5KF?qs=bZr6mbWTK5kcghTZWq8gjw==&utm_source=mouser-refine-download&utm_medium=file&utm_campaign=ENW-89823A5KF&utm_content=Panasonic,Bluetooth 4.2,Bluetooth Low Energy (BLE),"GPIO, PCM, UART",8 dBm,-,- 90 dBm,2.402 GHz to 2.48 GHz,1.7 V to 4.8 V,- 40 C,+ 85 C,PAN1326C2,"Cut Tape, Reel",Bluetooth,,,,,,
474-WRL-15484,WRL-15484,SparkFun,,166  In Stock,$15.82,RoHS Compliant,New Product,https://ru.mouser.com/ProductDetail/SparkFun/WRL-15484?qs=d0WKAl%2BL4Kaavr%2BTFZK3tA==&utm_source=mouser-refine-download&utm_medium=file&utm_campaign=WRL-15484&utm_content=SparkFun,Bluetooth 5.0,Bluetooth Low Energy (BLE),"I2C, I2S, SPI, UART",,,,2.4 GHz,,,,Artemis,,BLE,,,,,,
771-QN9080-001-M17AZ,QN9080-001-M17AZ,NXP Semiconductors,https://ru.mouser.com/datasheet/2/302/QN9080-001-M17-1524909.pdf,109  In Stock,$23.44,RoHS Compliant,,https://ru.mouser.com/ProductDetail/NXP-Semiconductors/QN9080-001-M17AZ?qs=l7cgNqFNU1iXLznN7TV0eQ==&utm_source=mouser-refine-download&utm_medium=file&utm_campaign=QN9080-001-M17AZ&utm_content=NXP-Semiconductors,Bluetooth 5.0,Bluetooth Low Energy (BLE),"I2C, SPI, USART, USB",2 dBm,1 Mb/s,- 92.7 dBm,2.4 GHz,3 V,- 40 C,+ 85 C,QN9080,"Cut Tape, Reel",BLE,,,,,,
710-2608011024010,2608011024010,Wurth Elektronik,https://ru.mouser.com/datasheet/2/445/2608011024010-1551327.pdf,167  In Stock,$25.95,RoHS Compliant,,https://ru.mouser.com/ProductDetail/Wurth-Elektronik/2608011024010?qs=vLWxofP3U2woJVdWzaPAMg==&utm_source=mouser-refine-download&utm_medium=file&utm_campaign=2608011024010&utm_content=Wurth-Elektronik,Bluetooth 5.0,Bluetooth Low Energy (BLE),UART,2 dBm,2 Mb/s,- 91 dBm,2.402 GHz to 2.48 GHz,1.8 V to 3.6 V,- 40 C,+ 85 C,Proteus-II,"Cut Tape, MouseReel, Reel",BLE,,,,,,
710-2608011024000,2608011024000,Wurth Elektronik,https://ru.mouser.com/datasheet/2/445/2608011024000-1568342.pdf,315  In Stock,$25.95,RoHS Compliant,,https://ru.mouser.com/ProductDetail/Wurth-Elektronik/2608011024000?qs=vLWxofP3U2z3mewQBvlIzg==&utm_source=mouser-refine-download&utm_medium=file&utm_campaign=2608011024000&utm_content=Wurth-Elektronik,Bluetooth 4.2,Bluetooth Low Energy (BLE),UART,3 dBm,1 Mb/s,- 96 dBm,2.4 GHz,1.8 V to 3.6 V,- 40 C,+ 85 C,Proteus-I,"Cut Tape, MouseReel, Reel",BLE,,,,,,
667-ENW89854AWKF,ENW89854AWKF,Panasonic,https://ru.mouser.com/datasheet/2/315/preliminary_wm_pan1780_product_specification-1730518.pdf,23  In Stock,$118.73,RoHS Compliant,New Product,https://ru.mouser.com/ProductDetail/Panasonic/ENW89854AWKF?qs=GBLSl2Akirvsufoe1cshhQ==&utm_source=mouser-refine-download&utm_medium=file&utm_campaign=ENW89854AWKF&utm_content=Panasonic,,,,,,,,,,,PAN1780,Bulk,Bluetooth,,,,,,
667-ENW-89852A1KF,ENW-89852A1KF,Panasonic,https://ru.mouser.com/datasheet/2/315/Panasonic_RF_Module_(PAN1740A_Series)-1825015.pdf,602  In Stock,$16.32,RoHS Compliant,New Product,https://ru.mouser.com/ProductDetail/Panasonic/ENW-89852A1KF?qs=GedFDFLaBXF4aQIH2SysNw==&utm_source=mouser-refine-download&utm_medium=file&utm_campaign=ENW-89852A1KF&utm_content=Panasonic,Bluetooth 5.0,Bluetooth Low Energy (BLE),"I2C, SPI, UART",,,- 93 dBm,2.4 GHz,3.3 V,- 40 C,+ 85 C,PAN1740A,,Bluetooth,,,,,,
359-ISP1507-AL-JT,ISP1507-AL-JT,Insight SiP,https://ru.mouser.com/datasheet/2/889/isp_ble_DS1507-1221980.pdf,44  In Stock,$15.17,RoHS Compliant,,https://ru.mouser.com/ProductDetail/Insight-SiP/ISP1507-AL-JT?qs=qSfuJ%2Bfl/d6pf2pRWIWE9w==&utm_source=mouser-refine-download&utm_medium=file&utm_campaign=ISP1507-AL-JT&utm_content=Insight-SiP,Bluetooth 5.0,Bluetooth Low Energy (BLE),"I2C, SPI, UART",4 dBm,2 Mb/s,- 96 dBm,2.4 GHz,1.7 V to 3.6 V,- 40 C,+ 85 C,ISP1507,,BLE,,,,,,
364-ACN52840,ACN52840,aconno,https://ru.mouser.com/datasheet/2/871/aconno_02052021_ACN52840-2005184.pdf,79  In Stock,$20.03,RoHS Compliant,,https://ru.mouser.com/ProductDetail/aconno/ACN52840?qs=Zz7%2BYVVL6bH9VjuSwYQdJA==&utm_source=mouser-refine-download&utm_medium=file&utm_campaign=ACN52840&utm_content=aconno,Bluetooth 5.0,Bluetooth Low Energy (BLE),,,,,2.4 GHz,1.8 V to 3.3 V,- 40 C,+ 85 C,ACN52840,,Bluetooth,,,,,,
359-ISP1807-LR-ST,ISP1807-LR-ST,Insight SiP,https://ru.mouser.com/datasheet/2/889/isp_ble_DS1807-1507074.pdf,101  In Stock,$27.08,RoHS Compliant,,https://ru.mouser.com/ProductDetail/Insight-SiP/ISP1807-LR-ST?qs=PqoDHHvF64%2B/HxCmk%2BhBXg==&utm_source=mouser-refine-download&utm_medium=file&utm_campaign=ISP1807-LR-ST&utm_content=Insight-SiP,Bluetooth 5.0,Bluetooth Low Energy (BLE),,8 dBm,2 Mb/s,- 95 dBm,2.4 GHz,1.7 V to 5.5 V,- 40 C,+ 85 C,ISP1807,,Bluetooth,,,NFC,,,
673-TWR00153,TWR00153,PulseLarsen Antennas,https://ru.mouser.com/datasheet/2/336/Pulse_TWR0153_Spec-1392959.pdf,50  In Stock,$27.44,RoHS Compliant,,https://ru.mouser.com/ProductDetail/PulseLarsen-Antennas/TWR00153?qs=lc2O%2BfHJPVaxIlyqm5Hfow==&utm_source=mouser-refine-download&utm_medium=file&utm_campaign=TWR00153&utm_content=PulseLarsen-Antennas,,,Serial,16 dBm,-,,2.4 GHz,3.3 V,0 C,+ 55 C,TWR,Tray,BLE,WiFi,,,,,
710-2608011124010,2608011124010,Wurth Elektronik,https://ru.mouser.com/datasheet/2/445/2608011124010-1551308.pdf,60  In Stock,$25.95,RoHS Compliant,,https://ru.mouser.com/ProductDetail/Wurth-Elektronik/2608011124010?qs=vLWxofP3U2xnV/5GbbnN/w==&utm_source=mouser-refine-download&utm_medium=file&utm_campaign=2608011124010&utm_content=Wurth-Elektronik,Bluetooth 5.0,Bluetooth Low Energy (BLE),UART,,2 Mb/s,- 96 dBm,2.402 GHz to 2.48 GHz,1.8 V to 3.6 V,- 40 C,+ 85 C,Proteus-II,"Cut Tape, MouseReel, Reel",BLE,,,,,,
710-2608011124000,2608011124000,Wurth Elektronik,https://ru.mouser.com/datasheet/2/445/2608011124000-1551331.pdf,33  In Stock,$25.95,RoHS Compliant,,https://ru.mouser.com/ProductDetail/Wurth-Elektronik/2608011124000?qs=vLWxofP3U2xZ8vXRTiKRxQ==&utm_source=mouser-refine-download&utm_medium=file&utm_campaign=2608011124000&utm_content=Wurth-Elektronik,Bluetooth 4.2,Bluetooth Low Energy (BLE),Serial,3 dBm,1 Mb/s,- 96 dBm,,1.8 V to 3.6 V,- 40 C,+ 85 C,WIRL-BTLE Proteus-I,"Cut Tape, Reel",BLE,,,,,,
741-450-0119C,450-0119C,Laird Connectivity,http://www.lsr.com/downloads/products/330-0166.pdf,"1,098  In Stock",$21.75,RoHS Compliant,,https://ru.mouser.com/ProductDetail/Laird-Connectivity/450-0119C?qs=VAC%2Bo0ibqsGJObHQIEcMow==&utm_source=mouser-refine-download&utm_medium=file&utm_campaign=450-0119C&utm_content=Laird-Connectivity,,Bluetooth Low Energy (BLE),,,,,,,,,,Cut Tape,BLE,,,,,,
603-WT12-A-AI5,WT12-A-AI5,Silicon Labs,https://ru.mouser.com/datasheet/2/368/WT12-DataSheet-1144696.pdf,"14,331  In Stock",$33.51,RoHS Compliant,,https://ru.mouser.com/ProductDetail/Silicon-Labs/WT12-A-AI5?qs=XhVl6sJ0xfIFY1DWszRo1w==&utm_source=mouser-refine-download&utm_medium=file&utm_campaign=WT12-A-AI5&utm_content=Silicon-Labs,Bluetooth 2.1 + EDR,Class 2,"UART, USB",4 dBm,2.1 Mb/s,- 84 dBm,2.4 GHz,3.1 V to 3.6 V,- 40 C,+ 85 C,WT12,"Cut Tape, Reel",Bluetooth,,,,,,
595-CC2650MODAMOHR,CC2650MODAMOHR,Texas Instruments,http://www.ti.com/general/docs/suppproductinfo.tsp?distId=26&gotoUrl=http%3A%2F%2Fwww.ti.com%2Flit%2Fgpn%2Fcc2650moda,"2,487  In Stock",$20.41,RoHS Compliant,,https://ru.mouser.com/ProductDetail/Texas-Instruments/CC2650MODAMOHR?qs=aVyJF2WnouSbrX25/DHvVQ==&utm_source=mouser-refine-download&utm_medium=file&utm_campaign=CC2650MODAMOHR&utm_content=Texas-Instruments,Bluetooth 4.2,Class 2,"I2C, I2S, SSI, UART",5 dBm,1 Mb/s,- 97 dBm,2.4 GHz,1.8 V to 3.8 V,- 40 C,+ 85 C,CC2650MODA,"Cut Tape, MouseReel, Reel",Bluetooth,,,,,,
603-WT12-A-AI4,WT12-A-AI4,Silicon Labs,https://ru.mouser.com/datasheet/2/368/WT12-DataSheet-1144696.pdf,"3,363  In Stock",$33.51,RoHS Compliant,,https://ru.mouser.com/ProductDetail/Silicon-Labs/WT12-A-AI4?qs=R6JvMBAljWfEIfa5vYPPxg==&utm_source=mouser-refine-download&utm_medium=file&utm_campaign=WT12-A-AI4&utm_content=Silicon-Labs,Bluetooth 2.1 + EDR,Class 2,"UART, USB",4 dBm,2.1 Mb/s,- 84 dBm,2.4 GHz,3.1 V to 3.6 V,- 40 C,+ 85 C,WT12,"Cut Tape, MouseReel, Reel",Bluetooth,,,,,,
634-BGM121A256V2R,BGM121A256V2R,Silicon Labs,https://ru.mouser.com/datasheet/2/368/bgm12x-datasheet-1666306.pdf,"11,720  In Stock",$12.68,RoHS Compliant,,https://ru.mouser.com/ProductDetail/Silicon-Labs/BGM121A256V2R?qs=8HqIXBaaO6xfHr6OwF4MSg==&utm_source=mouser-refine-download&utm_medium=file&utm_campaign=BGM121A256V2R&utm_content=Silicon-Labs,Bluetooth 4.2,Bluetooth Low Energy (BLE),"GPIO, I2C, SPI, UART, USART",8 dBm,1 Mb/s,- 90 dBm,2.4 GHz,1.85 V to 3.8 V,- 40 C,+ 85 C,BGM121,"Cut Tape, MouseReel, Reel",Bluetooth,,,,,,
239-450-0177R,450-0177R,Laird Connectivity,https://ru.mouser.com/datasheet/2/986/ANT-DS-SaBLE-X-R2_v1_6-1813542.pdf,"1,988  In Stock",$14.23,RoHS Compliant,,https://ru.mouser.com/ProductDetail/Laird-Connectivity/450-0177R?qs=5aG0NVq1C4zGH995IFQxnw==&utm_source=mouser-refine-download&utm_medium=file&utm_campaign=450-0177R&utm_content=Laird-Connectivity,Bluetooth 5.0,Bluetooth Low Energy (BLE),"I2C, UART",5 dBm,2 Mb/s,- 96 dBm,2.4 GHz,1.8 V to 3.8 V,- 40 C,+ 85 C,SaBLE-x-R2,"Cut Tape, Reel",BLE,,,,,,
741-450-0119R,450-0119R,Laird Connectivity,http://www.lsr.com/downloads/products/330-0166.pdf,"1,434  In Stock",$21.54,RoHS Compliant,,https://ru.mouser.com/ProductDetail/Laird-Connectivity/450-0119R?qs=VAC%2Bo0ibqsFgNSzQ5AxGWw==&utm_source=mouser-refine-download&utm_medium=file&utm_campaign=450-0119R&utm_content=Laird-Connectivity,,Bluetooth Low Energy (BLE),,,,,,,,,,"Cut Tape, MouseReel, Reel",BLE,,,,,,
579-71BLE01FC20B02AA,BM71BLE01FC2-0B02AA,Microchip Technology,https://ru.mouser.com/datasheet/2/268/Bluetooth_Low_Energy_BLE_Module_DS60001372K-2257931.pdf,Lead-Time 50 Weeks,$9.92,RoHS Compliant,,https://ru.mouser.com/ProductDetail/Microchip-Technology/BM71BLE01FC2-0B02AA?qs=Mv7BduZupUibGBY4fljGag==&utm_source=mouser-refine-download&utm_medium=file&utm_campaign=BM71BLE01FC2-0B02AA&utm_content=Microchip-Technology,Bluetooth 4.2,Bluetooth Low Energy (BLE),"I2C, SPI, UART",0 dBm,-,- 90 dBm,2.4 GHz,1.9 V to 3.6 V,- 40 C,+ 85 C,BM71,Tray,BLE,,,,,,
667-ENW89823A2KF,ENW-89823A2KF,Panasonic,https://ru.mouser.com/datasheet/2/315/panasonic_pan13xx_datasheet-947436.pdf,327  In Stock,$22.50,RoHS Compliant,,https://ru.mouser.com/ProductDetail/Panasonic/ENW-89823A2KF?qs=tfZGHB2PWd2PUd%2BmfHQ1Cw==&utm_source=mouser-refine-download&utm_medium=file&utm_campaign=ENW-89823A2KF&utm_content=Panasonic,Bluetooth 4.0 + EDR,"Bluetooth Low Energy (BLE), Class 1, Class 2","I2C, UART",10 dBm,2.178 Mb/s,- 93 dBm,2.4 GHz,1.7 V to 4.8 V,- 40 C,+ 85 C,PAN1326,"Cut Tape, MouseReel, Reel","Bluetooth, BLE",,,,,,
667-ENW89835A1KF,ENW-89835A1KF,Panasonic,https://ru.mouser.com/datasheet/2/315/panasonic_pan172x_datasheet-947367.pdf,800  In Stock,$23.13,RoHS Compliant,,https://ru.mouser.com/ProductDetail/Panasonic/ENW-89835A1KF?qs=Xx7DtTQCah8ElTLpIXOE1w==&utm_source=mouser-refine-download&utm_medium=file&utm_campaign=ENW-89835A1KF&utm_content=Panasonic,Bluetooth 4.0,Bluetooth Low Energy (BLE),I2C,0 dBm,1 Mb/s,- 94 dBm,2.4 GHz,2 V to 3.6 V,- 40 C,+ 85 C,PAN171x/PAN172x,"Cut Tape, MouseReel, Reel",BLE,,,,,,
667-ENW-89846A1KF,ENW-89846A1KF,Panasonic,https://ru.mouser.com/datasheet/2/315/4534_fileversion-1856003.pdf,915  In Stock,$23.54,RoHS Compliant,,https://ru.mouser.com/ProductDetail/Panasonic/ENW-89846A1KF?qs=BuP3DjGpy27fEus8dXKsLA==&utm_source=mouser-refine-download&utm_medium=file&utm_campaign=ENW-89846A1KF&utm_content=Panasonic,Bluetooth 4.0,Bluetooth Low Energy (BLE),USB,0 dBm,,- 93 dBm,2.4 GHz,3.3 V,- 40 C,+ 85 C,PAN1740,"Cut Tape, MouseReel, Reel",BLE,,,,,,
727-CYBLE-202013-11,CYBLE-202013-11,Cypress Semiconductor,https://www.cypress.com/file/318881/download,500  In Stock,$23.59,RoHS Compliant,,https://ru.mouser.com/ProductDetail/Cypress-Semiconductor/CYBLE-202013-11?qs=gt1LBUVyoHnVsi7SOB7zOg==&utm_source=mouser-refine-download&utm_medium=file&utm_campaign=CYBLE-202013-11&utm_content=Cypress-Semiconductor,Bluetooth 4.2,Bluetooth Low Energy (BLE),"I2C, I2S, SPI, UART",7.5 dBm,1 Mb/s,- 93 dBm,2.4 GHz,1.8 V to 5.5 V,- 40 C,+ 85 C,,"Cut Tape, Reel",BLE,,,,,,
603-WT12-A-AI,WT12-A-AI,Silicon Labs,https://ru.mouser.com/datasheet/2/368/WT12-DataSheet-1144696.pdf,455  In Stock,$31.92,RoHS Compliant,,https://ru.mouser.com/ProductDetail/Silicon-Labs/WT12-A-AI?qs=R6JvMBAljWcysf9RtKgEyQ==&utm_source=mouser-refine-download&utm_medium=file&utm_campaign=WT12-A-AI&utm_content=Silicon-Labs,Bluetooth 2.1 + EDR,Class 2,"UART, USB",4 dBm,2.1 Mb/s,- 84 dBm,2.4 GHz,3.1 V to 3.6 V,- 40 C,+ 85 C,WT12,"Cut Tape, Reel",Bluetooth,,,,,,
667-ENW-89849A1KF,ENW89849A1KF,Panasonic,https://ru.mouser.com/datasheet/2/315/pan1740-beacon_flyer-844811.pdf,149  In Stock,$32.17,RoHS Compliant,,https://ru.mouser.com/ProductDetail/Panasonic/ENW89849A1KF?qs=rrS6PyfT74e9hObOXf8yGQ==&utm_source=mouser-refine-download&utm_medium=file&utm_campaign=ENW89849A1KF&utm_content=Panasonic,Bluetooth 4.0,Class 2,"I2C, SPI, UART",0 dBm,1 Mb/s,- 93 dBm,2.4 GHz,2.35 V to 3.3 V,- 40 C,+ 85 C,PAN1740,Tray,Bluetooth,,,,,,
667-ENW-89849AZKF,ENW89849AZKF,Panasonic,https://ru.mouser.com/datasheet/2/315/pan1740-beacon_flyer-844811.pdf,350  In Stock,$33.78,RoHS Compliant,,https://ru.mouser.com/ProductDetail/Panasonic/ENW89849AZKF?qs=BZBei1rCqCCck6045OxhnA==&utm_source=mouser-refine-download&utm_medium=file&utm_campaign=ENW89849AZKF&utm_content=Panasonic,Bluetooth 4.0,Class 2,"I2C, SPI, UART",0 dBm,1 Mb/s,- 93 dBm,2.4 GHz,2.35 V to 3.3 V,- 40 C,+ 85 C,PAN1740,Tray,Bluetooth,,,,,,
765-RN-42-SM,RN42SM-I/RM,Microchip Technology,https://ru.mouser.com/datasheet/2/268/Class_2_Bluetooth_Module_with_EDR_Support_DS500023-2256355.pdf,63  In Stock,$66.41,RoHS Compliant,,https://ru.mouser.com/ProductDetail/Microchip-Technology/RN42SM-I-RM?qs=Ad2LRJtGXDus52cQ%2ByufsA==&utm_source=mouser-refine-download&utm_medium=file&utm_campaign=RN42SM-I/RM&utm_content=Microchip-Technology,Bluetooth 2.1 + EDR,Class 2,"RS-232, UART",4 dBm,300 kb/s,- 80 dBm,2.4 GHz,3.3 V,- 40 C,+ 85 C,RN42,Bulk,Bluetooth,,,,,,
220-TNL-FIR103,TnL-FIR103,IoTize,https://ru.mouser.com/datasheet/2/1101/DS_TnLFIR103-1916620.pdf,160  In Stock,$90.39,RoHS Compliant,New Product,https://ru.mouser.com/ProductDetail/IoTize/TnL-FIR103?qs=zW32dvEIR3sfIl6Y4hQcHw==&utm_source=mouser-refine-download&utm_medium=file&utm_campaign=TnL-FIR103&utm_content=IoTize,Bluetooth 4.1,Bluetooth Low Energy (BLE),Serial,3 dBm,0.5 kb/s,- 93 dBm,2.402 GHz to 2.48 GHz,2.3 V to 3.6 V,- 20 C,+ 55 C,TnL,Tray,BLE,,,,,,
220-TNP-FSR103,TnP-FSR103,IoTize,https://ru.mouser.com/datasheet/2/1101/DS_TapNPass-1916646.pdf,12  In Stock,$473.10,RoHS Compliant,New Product,https://ru.mouser.com/ProductDetail/IoTize/TnP-FSR103?qs=zW32dvEIR3v9yja9FV6Eug==&utm_source=mouser-refine-download&utm_medium=file&utm_campaign=TnP-FSR103&utm_content=IoTize,Bluetooth 4.1,Bluetooth Low Energy (BLE),Serial,3 dBm,0.5 kb/s,- 93 dBm,2.402 GHz to 2.48 GHz,2.3 V to 3.6 V,- 20 C,+ 55 C,TnP,Each,BLE,,,,,,
579-RN4871U-V/RM118,RN4871U-V/RM118,Microchip Technology,https://ru.mouser.com/datasheet/2/268/RN4870_71_Data_Sheet_DS50002489E-2005789.pdf,"1,470  In Stock",$9.92,RoHS Compliant,,https://ru.mouser.com/ProductDetail/Microchip-Technology/RN4871U-V-RM118?qs=U58vgkJzipSDEJmj2Mz0yA==&utm_source=mouser-refine-download&utm_medium=file&utm_campaign=RN4871U-V/RM118&utm_content=Microchip-Technology,Bluetooth 4.2,Bluetooth Low Energy (BLE),UART,0 dBm,10 kb/s,- 90 dBm,2.402 GHz to 2.48 GHz,1.9 V to 3.6 V,- 20 C,+ 70 C,RN4871,Tray,BLE,,,,,,
634-BGM121A256V2,BGM121A256V2,Silicon Labs,https://ru.mouser.com/datasheet/2/368/bgm12x-datasheet-1666306.pdf,"1,657  In Stock",$12.68,RoHS Compliant,,https://ru.mouser.com/ProductDetail/Silicon-Labs/BGM121A256V2?qs=8HqIXBaaO6wQu07uJLKnJQ==&utm_source=mouser-refine-download&utm_medium=file&utm_campaign=BGM121A256V2&utm_content=Silicon-Labs,Bluetooth 4.2,Bluetooth Low Energy (BLE),"GPIO, I2C, SPI, UART, USART",8 dBm,1 Mb/s,- 90 dBm,2.4 GHz,1.85 V to 3.8 V,- 40 C,+ 85 C,BGM121,Tray,Bluetooth,,,,,,
727-CYBLE-222014-01,CYBLE-222014-01,Cypress Semiconductor,https://ru.mouser.com/datasheet/2/100/002-11186_CYBLE-222014-01_EZ-BLE_PRoC_BT_4.2_Modul-894132.pdf,"1,390  In Stock",$17.83,RoHS Compliant,,https://ru.mouser.com/ProductDetail/Cypress-Semiconductor/CYBLE-222014-01?qs=etoTMWSvtH8t6Bd40KVoRQ==&utm_source=mouser-refine-download&utm_medium=file&utm_campaign=CYBLE-222014-01&utm_content=Cypress-Semiconductor,Bluetooth 4.2,Bluetooth Low Energy (BLE),"I2C, SPI, UART",3 dBm,1 Mb/s,- 89 dBm,2.4 GHz,1.71 V to 5.5 V,- 40 C,+ 85 C,,"Cut Tape, Reel",BLE,,,,,,
727-CYBLE-212020-01,CYBLE-212020-01,Cypress Semiconductor,https://ru.mouser.com/datasheet/2/100/002-12597_CYBLE-212020-01_EZ-BLE_Creator_Module-1082264.pdf,618  In Stock,$23.13,RoHS Compliant,,https://ru.mouser.com/ProductDetail/Cypress-Semiconductor/CYBLE-212020-01?qs=jFK2DQXLaBwGCoN/lg4R%2Bg==&utm_source=mouser-refine-download&utm_medium=file&utm_campaign=CYBLE-212020-01&utm_content=Cypress-Semiconductor,Bluetooth 4.2,Bluetooth Low Energy (BLE),"I2C, SPI, UART",3 dBm,1 Mb/s,- 87 dBm,2.4 GHz to 2.48 GHz,1.71 V to 5.5 V,- 40 C,+ 85 C,,"Cut Tape, Reel",BLE,,,,,,
963-EYSGCNZWY,EYSGCNZWY,Taiyo Yuden,https://ru.mouser.com/datasheet/2/396/TY_BLE_Overview_V1_8_20180530-1324501.pdf,"2,006  In Stock",$16.95,RoHS Compliant,,https://ru.mouser.com/ProductDetail/Taiyo-Yuden/EYSGCNZWY?qs=5LuraimkrXlLS9oaHePpcw==&utm_source=mouser-refine-download&utm_medium=file&utm_campaign=EYSGCNZWY&utm_content=Taiyo-Yuden,Bluetooth 4.2,Bluetooth Low Energy (BLE),"I2C, SPI, UART",4 dBm,1 Mb/s,- 93 dBm,2.4 GHz,1.8 V to 3.6 V,- 25 C,+ 75 C,EYSGCN,"Cut Tape, MouseReel, Reel",Bluetooth,,,,,,
710-2611011024000,2611011024000,Wurth Elektronik,https://ru.mouser.com/datasheet/2/445/2611011024000-1775778.pdf,325  In Stock,$27.00,RoHS Compliant,New At Mouser,https://ru.mouser.com/ProductDetail/Wurth-Elektronik/2611011024000?qs=OlC7AqGiEDkR3eQTvd5/cQ==&utm_source=mouser-refine-download&utm_medium=file&utm_campaign=2611011024000&utm_content=Wurth-Elektronik,Bluetooth 5.1,Bluetooth Low Energy (BLE),UART,6 dBm,,- 92 dBm,,,- 40 C,+ 85 C,WIRL-BTLE,"Cut Tape, MouseReel, Reel",BLE,,,,,,
239-BL652-SC-01-T/R,BL652-SC-01-T/R,Laird Connectivity,https://ru.mouser.com/datasheet/2/986/Datasheet___BL652-1590402.pdf,783  In Stock,$14.23,RoHS Compliant,,https://ru.mouser.com/ProductDetail/Laird-Connectivity/BL652-SC-01-T-R?qs=LuYMPh7GGMRdvooHRu%2B0Og==&utm_source=mouser-refine-download&utm_medium=file&utm_campaign=BL652-SC-01-T/R&utm_content=Laird-Connectivity,Bluetooth 4.2,Class 2,"GPIO, I2C, SPI, UART",4 dBm,1 Mb/s,- 96 dBm,2.4 GHz,1.8 V to 3.6 V,- 40 C,+ 85 C,BL65x,"Cut Tape, Reel",BLE,,,NFC,,,
634-BGM123A256V2R,BGM123A256V2R,Silicon Labs,https://ru.mouser.com/datasheet/2/368/bgm12x-datasheet-1666306.pdf,"2,576  In Stock",$12.14,RoHS Compliant,,https://ru.mouser.com/ProductDetail/Silicon-Labs/BGM123A256V2R?qs=8HqIXBaaO6wF54t/hqpFMA==&utm_source=mouser-refine-download&utm_medium=file&utm_campaign=BGM123A256V2R&utm_content=Silicon-Labs,Bluetooth 4.2,Bluetooth Low Energy (BLE),,,,,2.4 GHz,,,,BGM123,"Cut Tape, MouseReel, Reel",Bluetooth,,,,,,
239-BL652-SC-01,BL652-SC-01,Laird Connectivity,https://ru.mouser.com/datasheet/2/986/Datasheet___BL652-1590402.pdf,945  In Stock,$16.53,RoHS Compliant,,https://ru.mouser.com/ProductDetail/Laird-Connectivity/BL652-SC-01?qs=LuYMPh7GGMTBpPF65qWamA==&utm_source=mouser-refine-download&utm_medium=file&utm_campaign=BL652-SC-01&utm_content=Laird-Connectivity,Bluetooth 5.0,Class 2,"GPIO, I2C, SPI, UART",4 dBm,1 Mb/s,- 96 dBm,2.4 GHz,1.8 V to 3.6 V,- 40 C,+ 85 C,BL65x,Bulk,BLE,,,NFC,,,
239-BT900-SC,BT900-SC,Laird Connectivity,https://ru.mouser.com/datasheet/2/986/Datasheet_(HIG)_-_BT900_Series-1591064.pdf,420  In Stock,$30.81,RoHS Compliant,,https://ru.mouser.com/ProductDetail/Laird-Connectivity/BT900-SC?qs=NCwPlt/wvX8qes9CDELZCg==&utm_source=mouser-refine-download&utm_medium=file&utm_campaign=BT900-SC&utm_content=Laird-Connectivity,Bluetooth 4.0,Bluetooth Low Energy (BLE),"GPIO, I2C, SPI, UART",8 dBm,3 Mb/s,- 90 dBm,2.4 GHz,1.8 V to 3.6 V,- 40 C,+ 85 C,BT900,,Bluetooth,,,,,,
727-CYBLE-014008-00,CYBLE-014008-00,Cypress Semiconductor,https://ru.mouser.com/datasheet/2/100/002-00023_CYBLE-014008-00_EZ-BLE_Creator_Module-772884.pdf,663  In Stock,$22.85,RoHS Compliant,,https://ru.mouser.com/ProductDetail/Cypress-Semiconductor/CYBLE-014008-00?qs=dApJwNzDUnx9i1hwutmB2A==&utm_source=mouser-refine-download&utm_medium=file&utm_campaign=CYBLE-014008-00&utm_content=Cypress-Semiconductor,Bluetooth 4.1,Bluetooth Low Energy (BLE),,3 dBm,,- 91 dBm,2.4 GHz,1.71 V to 5.5 V,- 40 C,+ 85 C,,"Cut Tape, Reel",BLE,,,,,,
239-BTM511,BTM511,Laird Connectivity,https://ru.mouser.com/datasheet/2/986/Product_Brief_-_BTM510-511_v.22.2.5.0-1590420.pdf,83  In Stock,$34.07,RoHS Compliant,,https://ru.mouser.com/ProductDetail/Laird-Connectivity/BTM511?qs=BmwE3IFx0MfGYoCdjUBM4g==&utm_source=mouser-refine-download&utm_medium=file&utm_campaign=BTM511&utm_content=Laird-Connectivity,Bluetooth 2.1 + EDR,Class 2,UART,4 dBm,3 Mb/s,- 86 dBm,2.4 GHz,3 V to 3.6 V,- 30 C,+ 70 C,BTM510/511,Each,Bluetooth,,,,,,
727-CYBLE-212006-01,CYBLE-212006-01,Cypress Semiconductor,https://www.cypress.com/file/318881/download,294  In Stock,$28.99,RoHS Compliant,,https://ru.mouser.com/ProductDetail/Cypress-Semiconductor/CYBLE-212006-01?qs=u4fy/sgLU9NKZwBJpxj9ng==&utm_source=mouser-refine-download&utm_medium=file&utm_campaign=CYBLE-212006-01&utm_content=Cypress-Semiconductor,Bluetooth 4.2,Bluetooth Low Energy (BLE),"I2C, SPI, UART",7.5 dBm,1 Mb/s,- 93 dBm,2.402 GHz to 2.48 GHz,1.71 V to 5.5 V,- 40 C,+ 85 C,,"Cut Tape, Reel",BLE,,,,,,
579-RN4870U-V/RM118,RN4870U-V/RM118,Microchip Technology,https://ru.mouser.com/datasheet/2/268/RN4870_71_Data_Sheet_DS50002489E-2005789.pdf,267  In Stock,$9.92,RoHS Compliant,,https://ru.mouser.com/ProductDetail/Microchip-Technology/RN4870U-V-RM118?qs=U58vgkJzipR1sqCwU8NXnw==&utm_source=mouser-refine-download&utm_medium=file&utm_campaign=RN4870U-V/RM118&utm_content=Microchip-Technology,Bluetooth 4.2,Bluetooth Low Energy (BLE),UART,0 dBm,10 kb/s,- 90 dBm,2.402 GHz to 2.48 GHz,1.9 V to 3.6 V,- 20 C,+ 70 C,RN4870,Tray,BLE,,,,,,
579-78SPPS5MC20004AA,BM78SPPS5MC2-0004AA,Microchip Technology,https://ru.mouser.com/datasheet/2/268/60001380A-967556.pdf,132  In Stock,$16.33,RoHS Compliant,,https://ru.mouser.com/ProductDetail/Microchip-Technology/BM78SPPS5MC2-0004AA?qs=HXFqYaX1Q2zl7JTybbxhYA==&utm_source=mouser-refine-download&utm_medium=file&utm_campaign=BM78SPPS5MC2-0004AA&utm_content=Microchip-Technology,,,UART,,,,2.4 GHz,3.3 V to 4.2 V,- 20 C,+ 70 C,BM78,Tray,Bluetooth,,,,,,
239-BT900-US,BT900-US,Laird Connectivity,https://ru.mouser.com/datasheet/2/986/Datasheet_(Hardware_Integration_Guide)_-_BT900-US-1591034.pdf,86  In Stock,$47.53,RoHS Compliant,,https://ru.mouser.com/ProductDetail/Laird-Connectivity/BT900-US?qs=rbWJnv9lMS/Xo9imx5waDA==&utm_source=mouser-refine-download&utm_medium=file&utm_campaign=BT900-US&utm_content=Laird-Connectivity,Bluetooth 4.0,Bluetooth Low Energy (BLE),"GPIO, I2C, SPI, UART",8 dBm,3 Mb/s,- 90 dBm,2.4 GHz,5 V,- 40 C,+ 85 C,BT900,,Bluetooth,,,,,,
239-TRBLU23-00200,TRBLU2300200-07-01,Laird Connectivity,https://ru.mouser.com/datasheet/2/986/Product_Brief_-_TRBLU23-1590883.pdf,89  In Stock,$66.97,RoHS Compliant,,https://ru.mouser.com/ProductDetail/Laird-Connectivity/TRBLU2300200-07-01?qs=PzGy0jfpSMt09y0pWla%2BSQ==&utm_source=mouser-refine-download&utm_medium=file&utm_campaign=TRBLU2300200-07-01&utm_content=Laird-Connectivity,,,,,,,,,,,,Bulk,,,,,,,
239-BL600-SA,BL600-SA,Laird Connectivity,https://ru.mouser.com/datasheet/2/986/Product_Brief_-_BL600-1590096.pdf,248  In Stock,$21.58,RoHS Compliant,,https://ru.mouser.com/ProductDetail/Laird-Connectivity/BL600-SA?qs=9fLmHGdpeLU01kR7THGlmA==&utm_source=mouser-refine-download&utm_medium=file&utm_campaign=BL600-SA&utm_content=Laird-Connectivity,Bluetooth 4.0,Bluetooth Low Energy (BLE),"GPIO, I2C, SPI, UART",4 dBm,1 Mb/s,- 91 dBm,2.4 GHz,1.8 V to 3.6 V,- 25 C,+ 75 C,BL600,Tray,BLE,,,,,,
239-BRBLU03-010A0,BRBLU03-010A0,Laird Connectivity,https://ru.mouser.com/datasheet/2/986/LWS-SPEC-BRBLU03_0209-1590425.pdf,102  In Stock,$73.77,RoHS Compliant,,https://ru.mouser.com/ProductDetail/Laird-Connectivity/BRBLU03-010A0?qs=SFtkwOqhffkbdGXx8xOSqg==&utm_source=mouser-refine-download&utm_medium=file&utm_campaign=BRBLU03-010A0&utm_content=Laird-Connectivity,Bluetooth 2.0 + EDR,Class 1,USB,6 dBm,3 Mb/s,- 84 dBm,2.4 GHz,5 V,- 40 C,+ 85 C,,,Bluetooth,,,,,,
727-CYBT-343151-02,CYBT-343151-02,Cypress Semiconductor,https://www.cypress.com/file/457546/download,970  In Stock,$21.12,RoHS Compliant,,https://ru.mouser.com/ProductDetail/Cypress-Semiconductor/CYBT-343151-02?qs=vLWxofP3U2x0MRTDokcC7Q==&utm_source=mouser-refine-download&utm_medium=file&utm_campaign=CYBT-343151-02&utm_content=Cypress-Semiconductor,Bluetooth 5.0,"Bluetooth Low Energy (BLE), Class 1, Class 2","Ethernet, I2C, I2S, SPI, UART",12 dBm,4 Mb/s,"- 89.5 dBm, - 96.5 dBm",,2.3 V to 3.6 V,- 30 C,+ 85 C,,"Cut Tape, Reel",BLE,,,,,,
239-BTM431,BTM431,Laird Connectivity,https://ru.mouser.com/datasheet/2/986/Datasheet_(HIG)_-_BTM43x_Modules-1591066.pdf,73  In Stock,$35.85,,,https://ru.mouser.com/ProductDetail/Laird-Connectivity/BTM431?qs=18WYLvqSxEpB0QdVofZ5Sw==&utm_source=mouser-refine-download&utm_medium=file&utm_campaign=BTM431&utm_content=Laird-Connectivity,Bluetooth 2.0 + EDR,Class 2,UART,4 dBm,2.1 Mb/s,- 84 dBm,2.4 GHz,3 V to 3.3 V,- 40 C,+ 85 C,BTM430/431,,Bluetooth,,,ISM,,,
239-BL620-US,BL620-US,Laird Connectivity,https://ru.mouser.com/datasheet/2/986/Product_Brief_-_BL600-1590096.pdf,127  In Stock,$38.43,RoHS Compliant,,https://ru.mouser.com/ProductDetail/Laird-Connectivity/BL620-US?qs=L89NpsmQwp9ut%2BozB0vVSA==&utm_source=mouser-refine-download&utm_medium=file&utm_campaign=BL620-US&utm_content=Laird-Connectivity,Bluetooth 4.0,Bluetooth Low Energy (BLE),"I2C, SPI, UART, USB",4 dBm,1 Mb/s,- 91 dBm,2.4 GHz,1.8 V to 3.6 V,- 40 C,+ 85 C,BL600,Bulk,BLE,,,,,,
579-78SPP05MC20004AA,BM78SPP05MC2-0004AA,Microchip Technology,https://ru.mouser.com/datasheet/2/268/60001380A-967556.pdf,446  In Stock,$13.08,RoHS Compliant,,https://ru.mouser.com/ProductDetail/Microchip-Technology/BM78SPP05MC2-0004AA?qs=HXFqYaX1Q2zeIF%2BXcr4ipw==&utm_source=mouser-refine-download&utm_medium=file&utm_campaign=BM78SPP05MC2-0004AA&utm_content=Microchip-Technology,,,UART,,,,2.4 GHz,3.3 V to 4.2 V,- 20 C,+ 70 C,BM78,Tray,Bluetooth,,,,,,
220-TNP-NSR103,TnP-NSR103,IoTize,https://ru.mouser.com/datasheet/2/1101/DS_TapNPass-1901942.pdf,11  In Stock,$473.10,RoHS Compliant,New Product,https://ru.mouser.com/ProductDetail/IoTize/TnP-NSR103?qs=DPoM0jnrROWPNbIqN3y9cA==&utm_source=mouser-refine-download&utm_medium=file&utm_campaign=TnP-NSR103&utm_content=IoTize,Bluetooth 4.1,Bluetooth Low Energy (BLE),Serial,3 dBm,0.5 kb/s,- 93 dBm,2.402 GHz to 2.48 GHz,2.3 V to 3.6 V,- 20 C,+ 55 C,TnP,Each,BLE,,,,,,
426-DFR0781,DFR0781,DFRobot,,7  In Stock,$5.90,,New Product,https://ru.mouser.com/ProductDetail/DFRobot/DFR0781?qs=IS%2B4QmGtzzqLTyW2/E9FLA==&utm_source=mouser-refine-download&utm_medium=file&utm_campaign=DFR0781&utm_content=DFRobot,,,,,,,,,,,,,,,,,,,
579-78SPP05NC20001AA,BM78SPP05NC2-0001AA,Microchip Technology,https://ru.mouser.com/datasheet/2/268/BM78_Data_Sheet_DS60001380D-965448.pdf,97  In Stock,$12.83,RoHS Compliant,,https://ru.mouser.com/ProductDetail/Microchip-Technology/BM78SPP05NC2-0001AA?qs=vH2uEH3KBjXmbI3%2BMMErNg==&utm_source=mouser-refine-download&utm_medium=file&utm_campaign=BM78SPP05NC2-0001AA&utm_content=Microchip-Technology,Bluetooth 4.0,Class 2,UART,2 dBm,1 Mb/s,"- 90 dBm, - 92 dBm",2.4 GHz,3.2 V to 4.3 V,- 20 C,+ 70 C,BM78,Bulk,Bluetooth,,,,,,
579-78SPPS5NC20001AA,BM78SPPS5NC2-0001AA,Microchip Technology,https://ru.mouser.com/datasheet/2/268/BM78_Data_Sheet_DS60001380D-965448.pdf,31  In Stock,$15.32,RoHS Compliant,,https://ru.mouser.com/ProductDetail/Microchip-Technology/BM78SPPS5NC2-0001AA?qs=vH2uEH3KBjUCX17cMzWByg==&utm_source=mouser-refine-download&utm_medium=file&utm_campaign=BM78SPPS5NC2-0001AA&utm_content=Microchip-Technology,Bluetooth 4.0,Class 2,UART,2 dBm,1 Mb/s,"- 90 dBm, - 92 dBm",2.4 GHz,3.2 V to 4.3 V,- 20 C,+ 70 C,BM78,Bulk,Bluetooth,,,,,,
359-ISP1507-AL-ST,ISP1507-AL-ST,Insight SiP,https://ru.mouser.com/datasheet/2/889/isp_ble_DS1507-1221980.pdf,12  In Stock,$17.71,RoHS Compliant,,https://ru.mouser.com/ProductDetail/Insight-SiP/ISP1507-AL-ST?qs=qSfuJ%2Bfl/d4x/2rhasXQ%2Bg==&utm_source=mouser-refine-download&utm_medium=file&utm_campaign=ISP1507-AL-ST&utm_content=Insight-SiP,Bluetooth 5.0,Bluetooth Low Energy (BLE),"I2C, SPI, UART",4 dBm,2 Mb/s,- 96 dBm,2.4 GHz,1.7 V to 3.6 V,- 40 C,+ 85 C,ISP1507,,BLE,,,,,,
364-ACN52832,ACN52832,aconno,https://ru.mouser.com/datasheet/2/871/aconno_ACN52832_data_sheet-2005180.pdf,57  In Stock,$19.40,RoHS Compliant,,https://ru.mouser.com/ProductDetail/aconno/ACN52832?qs=EU6FO9ffTwfCHB2PmZbruw==&utm_source=mouser-refine-download&utm_medium=file&utm_campaign=ACN52832&utm_content=aconno,Bluetooth 4.2,Bluetooth Low Energy (BLE),"I2C, I2S, PDM, SPI, UART",4 dBm,1 Mb/s,- 96 dBm,2.4 GHz,1.7 V to 3.6 V,- 40 C,+ 85 C,,,Bluetooth,,,,,,
485-1327,1327,Adafruit,,54  In Stock,$19.38,RoHS Compliant,,https://ru.mouser.com/ProductDetail/Adafruit/1327?qs=GURawfaeGuAImn7GlvpgVA==&utm_source=mouser-refine-download&utm_medium=file&utm_campaign=1327&utm_content=Adafruit,Bluetooth 4.0,Bluetooth Low Energy (BLE),,,,,2.4 GHz,,,,,Bulk,BLE,,,,,,
579-63SPKA1MGA0001AC,BM63SPKA1MGA-0001AC,Microchip Technology,https://ru.mouser.com/datasheet/2/268/60001431B-1369847.pdf,75  In Stock,$20.28,RoHS Compliant,,https://ru.mouser.com/ProductDetail/Microchip-Technology/BM63SPKA1MGA-0001AC?qs=ZEMkBHnybRFrGEFILF6s0g==&utm_source=mouser-refine-download&utm_medium=file&utm_campaign=BM63SPKA1MGA-0001AC&utm_content=Microchip-Technology,Bluetooth 4.2,Bluetooth Low Energy (BLE),,,,,,,,,BM63,Bulk,BLE,,,,,,
579-64SPKA1MC10001AA,BM64SPKA1MC1-0001AA,Microchip Technology,https://ru.mouser.com/datasheet/2/268/BM62_64_Bluetooth_Stereo_Audio_Module_DS60001403G-2325296.pdf,67  In Stock,$22.06,RoHS Compliant,,https://ru.mouser.com/ProductDetail/Microchip-Technology/BM64SPKA1MC1-0001AA?qs=8cKuZ6Ok2lZjs3JFG%2BvWHA==&utm_source=mouser-refine-download&utm_medium=file&utm_campaign=BM64SPKA1MC1-0001AA&utm_content=Microchip-Technology,Bluetooth 4.2,Class 1,UART,15 dBm,2 Mb/s,- 90 dBm,2.4 GHz,3.2 V to 4.2 V,- 20 C,+ 70 C,BM64,Tray,Bluetooth,,,,,,
338-DTUSB5V1-BLE,DTUSB5V1-BLE,Symmetry Electronics,https://ru.mouser.com/datasheet/2/901/DTUSB5V1_DataSheet_Rev1.2_BLE-1853373.pdf,3  In Stock,$27.58,,New Product,https://ru.mouser.com/ProductDetail/Symmetry-Electronics/DTUSB5V1-BLE?qs=TiOZkKH1s2Sm2dJwbwq9Eg==&utm_source=mouser-refine-download&utm_medium=file&utm_campaign=DTUSB5V1-BLE&utm_content=Symmetry-Electronics,,,"UART, USB",7 dBm,1 Mb/s,- 103.3 dBm,,,,,,,,,,,,,
184-902-0110-000,902-0110-000,ROBOTIS,http://support.robotis.com/en/product/auxdevice/communication/bt-410main.htm,2  In Stock,$32.75,,,https://ru.mouser.com/ProductDetail/ROBOTIS/902-0110-000?qs=BZBei1rCqCBXN37d56FHLQ==&utm_source=mouser-refine-download&utm_medium=file&utm_campaign=902-0110-000&utm_content=ROBOTIS,Bluetooth 4.0,Class 2,UART,,,- 81 dBm,2.4 GHz,3.3 V,0 C,+ 40 C,BT-410,,Bluetooth,,,,,,
184-902-0131-000,902-0131-000,ROBOTIS,,1  In Stock,$49.18,,New At Mouser,https://ru.mouser.com/ProductDetail/ROBOTIS/902-0131-000?qs=T3oQrply3y/IyR2PnFfhcw==&utm_source=mouser-refine-download&utm_medium=file&utm_campaign=902-0131-000&utm_content=ROBOTIS,Bluetooth 4.0,Bluetooth Low Energy (BLE),USB,,,- 81 dBm,2.4 GHz,5 V,0 C,+ 40 C,,,Bluetooth,,,,,,
993-P0418,P0418,Terasic Technologies,https://ru.mouser.com/datasheet/2/598/TS_TMD_User_Manual-879825.pdf,2  In Stock,$84.34,RoHS Compliant,,https://ru.mouser.com/ProductDetail/Terasic-Technologies/P0418?qs=ma0NyvTRVt27wlzmeU7GIw==&utm_source=mouser-refine-download&utm_medium=file&utm_campaign=P0418&utm_content=Terasic-Technologies,Bluetooth 2.1 + EDR,Bluetooth Low Energy (BLE),"I2C, JTAG, UART, USB",-,3 Mb/s,-,2.4 GHz,3.3 V,,,,,Bluetooth,,,,,,
485-4078,4078,Adafruit,,3  In Stock,$21.01,,,https://ru.mouser.com/ProductDetail/Adafruit/4078?qs=vLWxofP3U2wEGR99myTcfQ==&utm_source=mouser-refine-download&utm_medium=file&utm_campaign=4078&utm_content=Adafruit,Bluetooth 5.0,Bluetooth Low Energy (BLE),"I2C, I2S, QSPI, SPI, UART",8 dBm,2 Mb/s,- 95 dBm,2.4 GHz,1.7 V to 5.5 V,- 40 C,+ 85 C,,,Bluetooth,,,,,,
634-BGM220PC22HNA2,BGM220PC22HNA2,Silicon Labs,https://ru.mouser.com/datasheet/2/368/bgm220p_datasheet-1900893.pdf,18  In Stock,$13.10,RoHS Compliant,New Product,https://ru.mouser.com/ProductDetail/Silicon-Labs/BGM220PC22HNA2?qs=7MVldsJ5UazwFo%2Bvn4HyCA==&utm_source=mouser-refine-download&utm_medium=file&utm_campaign=BGM220PC22HNA2&utm_content=Silicon-Labs,Bluetooth 5.2,Bluetooth Low Energy (BLE),"I2C, SPI, UART",8 dBm,2 Mb/s,- 96.2 dBm,2.4 GHz,1.8 V to 3.8 V,- 40 C,+ 105 C,,,Bluetooth,,,,,,
634-BGM220PC22HNA2R,BGM220PC22HNA2R,Silicon Labs,https://ru.mouser.com/datasheet/2/368/bgm220p_datasheet-1900893.pdf,21  In Stock,$13.37,RoHS Compliant,New Product,https://ru.mouser.com/ProductDetail/Silicon-Labs/BGM220PC22HNA2R?qs=7MVldsJ5Uax5%2BDPfZhtOHw==&utm_source=mouser-refine-download&utm_medium=file&utm_campaign=BGM220PC22HNA2R&utm_content=Silicon-Labs,Bluetooth 5.2,Bluetooth Low Energy (BLE),"I2C, SPI, UART",8 dBm,2 Mb/s,- 96.2 dBm,2.4 GHz,1.8 V to 3.8 V,- 40 C,+ 105 C,,,Bluetooth,,,,,,
727-CYBLE-012011-00,CYBLE-012011-00,Cypress Semiconductor,https://ru.mouser.com/datasheet/2/100/002-02521_CYBLE-012011-00_EZ-BLE_TM_Creator_Module-837929.pdf,258  In Stock,$13.37,RoHS Compliant,,https://ru.mouser.com/ProductDetail/Cypress-Semiconductor/CYBLE-012011-00?qs=zRGnDeWDVj2D1%2Bu%2BvAdSLg==&utm_source=mouser-refine-download&utm_medium=file&utm_campaign=CYBLE-012011-00&utm_content=Cypress-Semiconductor,,Bluetooth Low Energy (BLE),"I2C, I2S, SPI, UART",3 dBm,,- 87 dBm,,1.71 V to 5.5 V,,,,"Cut Tape, MouseReel, Reel",BLE,,,,,,
667-ENW-89823A3KF,ENW-89823A3KF,Panasonic,https://ru.mouser.com/datasheet/2/315/panasonic_pan13xx_datasheet-947436.pdf,86  In Stock,$23.34,RoHS Compliant,,https://ru.mouser.com/ProductDetail/Panasonic/ENW-89823A3KF?qs=HVbQlW5zcXWYA0vHID1Bdw==&utm_source=mouser-refine-download&utm_medium=file&utm_campaign=ENW-89823A3KF&utm_content=Panasonic,Bluetooth 4.0 + EDR,"Bluetooth Low Energy (BLE), Class 1, Class 2","I2C, PCM, UART",10 dBm,2.178 Mb/s,- 93 dBm,2.4 GHz,1.7 V to 4.8 V,- 40 C,+ 85 C,PAN1326B,"Cut Tape, MouseReel, Reel",BLE,,,,,,
765-RN42XVP-I/RM,RN42XVP-I/RM,Microchip Technology,https://ru.mouser.com/datasheet/2/268/Class_2_Bluetooth_Module_with_EDR_Support_DS500023-2256355.pdf,16  In Stock,$35.60,RoHS Compliant,,https://ru.mouser.com/ProductDetail/Microchip-Technology/RN42XVP-I-RM?qs=3T16hVCGyPZrubFpsgI6Yg==&utm_source=mouser-refine-download&utm_medium=file&utm_campaign=RN42XVP-I/RM&utm_content=Microchip-Technology,Bluetooth 2.1 + EDR,Class 2,"UART, USB",2 dBm,3 Mb/s,- 80 dBm,2.4 GHz,3.3 V,- 40 C,+ 85 C,RN42,Bulk,Bluetooth,,,,,,
727-CYBLE-202007-01,CYBLE-202007-01,Cypress Semiconductor,https://www.cypress.com/file/318881/download,82  In Stock,$25.30,RoHS Compliant,,https://ru.mouser.com/ProductDetail/Cypress-Semiconductor/CYBLE-202007-01?qs=u4fy/sgLU9Pk4mHCaJYMQA==&utm_source=mouser-refine-download&utm_medium=file&utm_campaign=CYBLE-202007-01&utm_content=Cypress-Semiconductor,Bluetooth 4.2,Bluetooth Low Energy (BLE),"I2C, SPI, UART",7.5 dBm,1 Mb/s,- 93 dBm,2.4 GHz,1.71 V to 5.5 V,- 40 C,+ 85 C,,"Cut Tape, Reel",BLE,,,,,,
595-CC2564MODNCMOER,CC2564MODNCMOER,Texas Instruments,http://www.ti.com/general/docs/suppproductinfo.tsp?distId=26&gotoUrl=http%3A%2F%2Fwww.ti.com%2Flit%2Fgpn%2FCC2564MODN,193  In Stock,$17.83,RoHS Compliant,,https://ru.mouser.com/ProductDetail/Texas-Instruments/CC2564MODNCMOER?qs=NRIcxvoDUtdFtWN59rNYag==&utm_source=mouser-refine-download&utm_medium=file&utm_campaign=CC2564MODNCMOER&utm_content=Texas-Instruments,,,"I2S, UART",10 dBm,,- 93 dBm,2.402 GHz to 2.48 GHz,,- 30 C,+ 85 C,CC2564MODN,"Cut Tape, MouseReel, Reel",Bluetooth,,,,,,
619-30086,30086,Parallax,https://ru.mouser.com/datasheet/2/321/30086-RN-42-Bluetooth-Module-Guide-v1.0-709309.pdf,4  In Stock,$97.30,RoHS Compliant,,https://ru.mouser.com/ProductDetail/Parallax/30086?qs=kWcaGGHSxRoiOPdhknoLLA==&utm_source=mouser-refine-download&utm_medium=file&utm_campaign=30086&utm_content=Parallax,,,,,,,,,,,,,Bluetooth,,,,,,
239-BT730-SC,BT730-SC,Laird Connectivity,https://ru.mouser.com/datasheet/2/986/Hardware_Integration_Guide_-_BT730_Series-1590451.pdf,4  In Stock,$38.36,RoHS Compliant,,https://ru.mouser.com/ProductDetail/Laird-Connectivity/BT730-SC?qs=3tuk1l7PSbNZoVLPHKMHxA==&utm_source=mouser-refine-download&utm_medium=file&utm_campaign=BT730-SC&utm_content=Laird-Connectivity,Bluetooth 2.0,Class 1,UART,18 dBm,2.1 Mb/s,- 87 dBm,2.4 GHz,3.3 V to 5 V,- 40 C,+ 85 C,,,Bluetooth,,,,,,
710-2608036024011,2608036024011,Wurth Elektronik,https://ru.mouser.com/datasheet/2/445/2608036024011-1775628.pdf,8  In Stock,$108.03,RoHS Compliant,New At Mouser,https://ru.mouser.com/ProductDetail/Wurth-Elektronik/2608036024011?qs=OlC7AqGiEDnKRggAfzMd9Q==&utm_source=mouser-refine-download&utm_medium=file&utm_campaign=2608036024011&utm_content=Wurth-Elektronik,Bluetooth 5.0,Bluetooth Low Energy (BLE),USB,- 14 dBm,,- 79 dBm,,,- 40 C,+ 85 C,WIRL-BTLE,Bulk,Bluetooth,,,,,,
710-2611036024001,2611036024001,Wurth Elektronik,https://ru.mouser.com/datasheet/2/445/2611036024001-1799838.pdf,16  In Stock,$124.23,RoHS Compliant,New At Mouser,https://ru.mouser.com/ProductDetail/Wurth-Elektronik/2611036024001?qs=OlC7AqGiEDnFne/BamxSfQ==&utm_source=mouser-refine-download&utm_medium=file&utm_campaign=2611036024001&utm_content=Wurth-Elektronik,Bluetooth 5.1,Bluetooth Low Energy (BLE),USB,4 dBm,,- 90 dBm,,,- 40 C,+ 85 C,WIRL-BTLE,Bulk,Bluetooth,,,,,,
579-78SPP05NC20002AA,BM78SPP05NC2-0002AA,Microchip Technology,https://ru.mouser.com/datasheet/2/268/60001380A-967556.pdf,137  In Stock,$11.22,RoHS Compliant,,https://ru.mouser.com/ProductDetail/Microchip-Technology/BM78SPP05NC2-0002AA?qs=8cKuZ6Ok2lZVDaX5cbXu0A==&utm_source=mouser-refine-download&utm_medium=file&utm_campaign=BM78SPP05NC2-0002AA&utm_content=Microchip-Technology,Bluetooth 4.2,,,,,,2.4 GHz,,,,BM78,Tray,Bluetooth,,,,,,
426-DFR0675-EN,DFR0675-EN,DFRobot,,4  In Stock,$14.59,,New Product,https://ru.mouser.com/ProductDetail/DFRobot/DFR0675-EN?qs=W/MpXkg%2BdQ55y%2BqfeXKL5w==&utm_source=mouser-refine-download&utm_medium=file&utm_campaign=DFR0675-EN&utm_content=DFRobot,,,,,,,,,,,,,,,,,,,
579-70BLE01FC20B03AA,BM70BLE01FC2-0B03AA,Microchip Technology,https://ru.mouser.com/datasheet/2/268/Bluetooth_Low_Energy_BLE_Module_DS60001372K-2257931.pdf,141  In Stock,$9.92,RoHS Compliant,,https://ru.mouser.com/ProductDetail/Microchip-Technology/BM70BLE01FC2-0B03AA?qs=Mv7BduZupUg1osx%2Bogz1vQ==&utm_source=mouser-refine-download&utm_medium=file&utm_campaign=BM70BLE01FC2-0B03AA&utm_content=Microchip-Technology,Bluetooth 4.2,Bluetooth Low Energy (BLE),"I2C, SPI, UART",0 dBm,-,- 90 dBm,2.4 GHz,1.9 V to 3.6 V,- 40 C,+ 85 C,BM70,Tray,BLE,,,,,,
634-BLE112-A-V1C,BLE112-A-V1C,Silicon Labs,https://ru.mouser.com/datasheet/2/368/Bluegiga_Technologies_BLE112_Datasheet-1203259.pdf,53  In Stock,$18.31,,,https://ru.mouser.com/ProductDetail/Silicon-Labs/BLE112-A-V1C?qs=8HqIXBaaO6ybzw3kSiLiDA==&utm_source=mouser-refine-download&utm_medium=file&utm_campaign=BLE112-A-V1C&utm_content=Silicon-Labs,Bluetooth 4.0,Bluetooth Low Energy (BLE),,3 dBm,2 Mb/s,- 85 dBm to - 91 dBm,,2 V to 3.6 V,- 40 C,+ 85 C,BLE112,Cut Tape,Bluetooth,,,,,,
239-BL600-SC,BL600-SC,Laird Connectivity,https://ru.mouser.com/datasheet/2/986/Product_Brief_-_BL600-1590096.pdf,6  In Stock,$21.58,RoHS Compliant,,https://ru.mouser.com/ProductDetail/Laird-Connectivity/BL600-SC?qs=9fLmHGdpeLWWjovnXB2fOg==&utm_source=mouser-refine-download&utm_medium=file&utm_campaign=BL600-SC&utm_content=Laird-Connectivity,Bluetooth 4.0,Bluetooth Low Energy (BLE),"GPIO, I2C, SPI, UART",4 dBm,1 Mb/s,- 91 dBm,2.4 GHz,1.8 V to 3.6 V,- 25 C,+ 75 C,BL600,Each,BLE,,,,,,
556-ATSAMB11-MR510CA,ATSAMB11-MR510CA,Microchip Technology / Atmel,https://ru.mouser.com/datasheet/2/268/Atmel-42498-SAMB11-MR210CA-MR510_Datasheet-1143047.pdf,49  In Stock,$28.11,RoHS Compliant,,https://ru.mouser.com/ProductDetail/Microchip-Technology-Atmel/ATSAMB11-MR510CA?qs=ma0NyvTRVt2S8Tz5rJM58w==&utm_source=mouser-refine-download&utm_medium=file&utm_campaign=ATSAMB11-MR510CA&utm_content=Microchip-Technology-/-Atmel,Bluetooth 4.1,Bluetooth Low Energy (BLE),,,,,,3.6 V,,,ATSAMB11,,BLE,,,,,,
239-BL600-SA-32,BL600-SA-32,Laird Connectivity,https://ru.mouser.com/datasheet/2/986/Product_Brief_-_BL600-1590096.pdf,46  In Stock,$21.49,RoHS Compliant,,https://ru.mouser.com/ProductDetail/Laird-Connectivity/BL600-SA-32?qs=%2ByRm1sYhYIkOM2QiYieoTw==&utm_source=mouser-refine-download&utm_medium=file&utm_campaign=BL600-SA-32&utm_content=Laird-Connectivity,,Bluetooth Low Energy (BLE),"GPIO, I2C, SPI, UART",,,,2.4 GHz,,,,BL600,Tray,BLE,,,,,,
741-450-0144C,450-0144C,Laird Connectivity,http://www.lsr.com/downloads/products/330-0166.pdf,58  In Stock,$21.75,RoHS Compliant,,https://ru.mouser.com/ProductDetail/Laird-Connectivity/450-0144C?qs=VAC%2Bo0ibqsETwrxH4Dzfhg==&utm_source=mouser-refine-download&utm_medium=file&utm_campaign=450-0144C&utm_content=Laird-Connectivity,Bluetooth 4.1,"Bluetooth Low Energy (BLE), Class 2","GPIO, JTAG",4.6 dBm,,- 95 dBm,2.4 GHz,3.3 V,- 40 C,+ 85 C,,Cut Tape,BLE,,,,,,
239-450-0178C,450-0178C,Laird Connectivity,https://ru.mouser.com/datasheet/2/986/ANT-DS-SaBLE-X-R2_v1_6-1813542.pdf,138  In Stock,$12.10,RoHS Compliant,,https://ru.mouser.com/ProductDetail/Laird-Connectivity/450-0178C?qs=5aG0NVq1C4zH%2Bkj2ozjgEw==&utm_source=mouser-refine-download&utm_medium=file&utm_campaign=450-0178C&utm_content=Laird-Connectivity,Bluetooth 5.0,Bluetooth Low Energy (BLE),"I2C, SPI, UART",5 dBm,2 Mb/s,- 96 dBm,2.4 GHz,1.8 V to 3.8 V,- 40 C,+ 85 C,SaBLE-x-R2,Cut Tape,BLE,,,,,,
634-BGM123N256V2,BGM123N256V2,Silicon Labs,https://ru.mouser.com/datasheet/2/368/bgm12x-datasheet-1666306.pdf,160  In Stock,$10.72,RoHS Compliant,,https://ru.mouser.com/ProductDetail/Silicon-Labs/BGM123N256V2?qs=8HqIXBaaO6yaa9ZB/ynI7w==&utm_source=mouser-refine-download&utm_medium=file&utm_campaign=BGM123N256V2&utm_content=Silicon-Labs,Bluetooth 4.2,Bluetooth Low Energy (BLE),,,,,2.4 GHz,,,,BGM123,Tray,Bluetooth,,,,,,
634-BGM121N256V2R,BGM121N256V2R,Silicon Labs,https://ru.mouser.com/datasheet/2/368/bgm12x-datasheet-1666306.pdf,246  In Stock,$12.43,,,https://ru.mouser.com/ProductDetail/Silicon-Labs/BGM121N256V2R?qs=8HqIXBaaO6x86S2Ig0XtLg==&utm_source=mouser-refine-download&utm_medium=file&utm_campaign=BGM121N256V2R&utm_content=Silicon-Labs,Bluetooth 4.2,Bluetooth Low Energy (BLE),"GPIO, I2C, SPI, UART, USART",8 dBm,1 Mb/s,- 90 dBm,2.4 GHz,1.85 V to 3.8 V,- 40 C,+ 85 C,BGM121,"Cut Tape, Reel",Bluetooth,,,,,,
579-77SPP03MC20007AA,BM77SPP03MC2-0007AA,Microchip Technology,https://ru.mouser.com/datasheet/2/268/BM77 Data Sheet v2.1.1 2015-Jun16-775251.pdf,49  In Stock,$14.29,RoHS Compliant,,https://ru.mouser.com/ProductDetail/Microchip-Technology/BM77SPP03MC2-0007AA?qs=vH2uEH3KBjV0iHE2QmdBZQ==&utm_source=mouser-refine-download&utm_medium=file&utm_campaign=BM77SPP03MC2-0007AA&utm_content=Microchip-Technology,Bluetooth 4.0,Class 2,UART,2 dBm,,"- 90 dBm, - 92 dBm",2.4 GHz,3.2 V to 4.3 V,- 20 C,+ 70 C,BM77,Tray,Bluetooth,,,,,,
971-MOTG-BLUETOOTH,MOTG-Bluetooth,4D Systems,https://ru.mouser.com/datasheet/2/451/motg_datasheet_r_1_7-1627019.pdf,21  In Stock,$47.03,RoHS Compliant,,https://ru.mouser.com/ProductDetail/4D-Systems/MOTG-Bluetooth?qs=5aG0NVq1C4wcOX1T51Mn2g==&utm_source=mouser-refine-download&utm_medium=file&utm_campaign=MOTG-Bluetooth&utm_content=4D-Systems,Bluetooth 4.2,Bluetooth Low Energy (BLE),UART,0 dBm,10 kb/s,- 90 dBm,2.4 GHz,3.3 V,- 20 C,+ 70 C,Modules On The Go,,Bluetooth,,,,,,
667-ENW89819AYKF,ENW89819AYKF,Panasonic,https://ru.mouser.com/datasheet/2/315/panasonic_08042019_RF_Module_(PAN1326C2_Series)-1627501.pdf,1  In Stock,$166.09,RoHS Compliant,New Product,https://ru.mouser.com/ProductDetail/Panasonic/ENW89819AYKF?qs=bZr6mbWTK5nugnVYbODhvg==&utm_source=mouser-refine-download&utm_medium=file&utm_campaign=ENW89819AYKF&utm_content=Panasonic,Bluetooth 4.2,Bluetooth Low Energy (BLE),"PCM, UART",,,,2.402 GHz to 2.48 GHz,,- 40 C,+ 85 C,PAN1326C2,Bulk,Bluetooth,,,,,,
502-318BT,318BT,Switchcraft,https://ru.mouser.com/datasheet/2/393/318BT QUICK GUIDE_TM-1061765.pdf,12  In Stock,$227.21,,,https://ru.mouser.com/ProductDetail/Switchcraft/318BT?qs=RYIBGgAklzIDBzR9vrP8Sw==&utm_source=mouser-refine-download&utm_medium=file&utm_campaign=318BT&utm_content=Switchcraft,,,,,,,,,,,,,Bluetooth,,,,,,
551-B1010SP0-1-R,B1010SP0-1-R,CEL,https://ru.mouser.com/datasheet/2/286/cael_s_a0010412226_1-2279195.pdf,97  In Stock,$18.25,RoHS Compliant,,https://ru.mouser.com/ProductDetail/CEL/B1010SP0-1-R?qs=nVS1qgv%2BQrlSi8xUpppLPw==&utm_source=mouser-refine-download&utm_medium=file&utm_campaign=B1010SP0-1-R&utm_content=CEL,,Class 2,"I2C, SPI, UART",8 dBm,,- 94 dBm,2.4 GHz,1.8 V to 3.6 V,- 30 C,+ 85 C,,"Cut Tape, MouseReel, Reel",Bluetooth,,,,,,
817-FWM8BLZ02A109047,FWM8BLZ02A-109047,Fujitsu,https://ru.mouser.com/datasheet/2/164/fwm8blz02a-109047-1073923.pdf,38  In Stock,$77.65,RoHS Compliant,,https://ru.mouser.com/ProductDetail/Fujitsu/FWM8BLZ02A-109047?qs=JUmsgfbaopQdz67ErclVBw==&utm_source=mouser-refine-download&utm_medium=file&utm_campaign=FWM8BLZ02A-109047&utm_content=Fujitsu,,Bluetooth Low Energy (BLE),,4 dBm,,,,,- 30 C,+ 60 C,FWM8BLZ,,BLE,,,,,,
685-DAT12,DAT12,Extech,,2  In Stock,$77.04,RoHS Compliant,New Product,https://ru.mouser.com/ProductDetail/Extech/DAT12?qs=uwxL4vQweFMYipwNm%2ByO2Q==&utm_source=mouser-refine-download&utm_medium=file&utm_campaign=DAT12&utm_content=Extech,,,,,,,,,,,,,Bluetooth,,,,,,
741-450-0104,450-0104,Laird Connectivity,https://ru.mouser.com/datasheet/2/986/330-0100-1799624.pdf,"1,903  In Stock",$15.01,RoHS Compliant,NRND,https://ru.mouser.com/ProductDetail/Laird-Connectivity/450-0104?qs=c50eh9DPO4OZ9CzYD/zcyw==&utm_source=mouser-refine-download&utm_medium=file&utm_campaign=450-0104&utm_content=Laird-Connectivity,"Bluetooth 2.1 + EDR, Bluetooth 4.0",Class 1.5,"PCM, UART",10 dBm,4 Mb/s,- 94 dBm,2.402 GHz to 2.48 GHz,3.3 V,- 30 C,+ 85 C,TIWI-uB2,Tray,BLE,,,,,,
239-BTM443,BTM443,Laird Connectivity,https://ru.mouser.com/datasheet/2/986/Datasheet_(HIG)_-_BTM43x_Modules-1591066.pdf,"1,178  In Stock",$38.61,,NRND,https://ru.mouser.com/ProductDetail/Laird-Connectivity/BTM443?qs=xI12fKcADdHWNy26B96nHA==&utm_source=mouser-refine-download&utm_medium=file&utm_campaign=BTM443&utm_content=Laird-Connectivity,Bluetooth 2.1 + EDR,Class 2,UART,4 dBm,2.1 Mb/s,- 84 dBm,2.4 GHz,3 V to 3.3 V,- 30 C,+ 85 C,BTM44x,,Bluetooth,,,,,,
667-ENW89837AWKF,ENW89837AWKF,Panasonic,https://ru.mouser.com/datasheet/2/315/panasonic_pan1026_datasheet_v1_4-947381.pdf,13  In Stock,$541.56,RoHS Compliant,NRND,https://ru.mouser.com/ProductDetail/Panasonic/ENW89837AWKF?qs=BZBei1rCqCAtLt0aUaKg0A==&utm_source=mouser-refine-download&utm_medium=file&utm_campaign=ENW89837AWKF&utm_content=Panasonic,Bluetooth 2.1,Class 2,UART,4 dBm,4.33 Mb/s,- 88 dBm,2.4 GHz,3.3 V,- 40 C,+ 85 C,PAN1026,Bulk,BLE,,,,,,
511-SPBTLE-RF0TR,SPBTLE-RF0TR,STMicroelectronics,https://ru.mouser.com/datasheet/2/389/dm00381960-1799093.pdf,"1,157  In Stock",$13.42,RoHS Compliant,NRND,https://ru.mouser.com/ProductDetail/STMicroelectronics/SPBTLE-RF0TR?qs=HXFqYaX1Q2zftPxeR/vzTQ==&utm_source=mouser-refine-download&utm_medium=file&utm_campaign=SPBTLE-RF0TR&utm_content=STMicroelectronics,Bluetooth 4.1,Bluetooth Low Energy (BLE),SPI,,-,- 88 dBm,2.4 GHz,1.8 V,- 40 C,+ 85 C,SPBTLE-RF0,"Cut Tape, MouseReel, Reel",Bluetooth,,,,,,
511-SPBTLE-RFTR,SPBTLE-RFTR,STMicroelectronics,https://ru.mouser.com/datasheet/2/389/dm00184006-1798517.pdf,844  In Stock,$16.95,RoHS Compliant,NRND,https://ru.mouser.com/ProductDetail/STMicroelectronics/SPBTLE-RFTR?qs=u4fy/sgLU9M9HPu3j9Wrsw==&utm_source=mouser-refine-download&utm_medium=file&utm_campaign=SPBTLE-RFTR&utm_content=STMicroelectronics,Bluetooth 4.1,Bluetooth Low Energy (BLE),SPI,,-,- 88 dBm,2.4 GHz,3.3 V,- 40 C,+ 85 C,SPBTLE-RF,"Cut Tape, Reel",Bluetooth,,,,,,
239-BT800,BT800,Laird Connectivity,https://ru.mouser.com/datasheet/2/986/Datasheet_-_BT800_Module-1590704.pdf,281  In Stock,$18.81,RoHS Compliant,NRND,https://ru.mouser.com/ProductDetail/Laird-Connectivity/BT800?qs=fHAk5VQYflcwSVF26Z9aNw==&utm_source=mouser-refine-download&utm_medium=file&utm_campaign=BT800&utm_content=Laird-Connectivity,Bluetooth 4.0 + EDR,"Bluetooth Low Energy (BLE), Class 1","GPIO, I2S, PCM, USB",8 dBm,3 Mb/s,- 89 dBm,2.402 GHz to 2.48 GHz,5 V,- 30 C,+ 85 C,BT800,,Bluetooth,,,,,,
667-ENW-89829A3KF,ENW-89829A3KF,Panasonic,https://ru.mouser.com/datasheet/2/315/panasonic_pan13xx_datasheet-947436.pdf,"1,109  In Stock",$21.31,RoHS Compliant,NRND,https://ru.mouser.com/ProductDetail/Panasonic/ENW-89829A3KF?qs=LJ1pyEEo5rZGxp7rb7%2Bhgg==&utm_source=mouser-refine-download&utm_medium=file&utm_campaign=ENW-89829A3KF&utm_content=Panasonic,Bluetooth 2.1 + EDR,"Class 1, Class 2","I2C, PCM, UART",10 dBm,2.178 Mb/s,- 93 dBm,2.4 GHz,1.7 V to 4.8 V,- 40 C,+ 85 C,PAN1325B,"Cut Tape, MouseReel, Reel",Bluetooth,,,,,,
741-450-0106C,450-0106C,Laird Connectivity,https://www.lairdconnect.com/node/11026,29  In Stock,$15.38,RoHS Compliant,NRND,https://ru.mouser.com/ProductDetail/Laird-Connectivity/450-0106C?qs=BDRISUKNLIegbsUznmCfOw==&utm_source=mouser-refine-download&utm_medium=file&utm_campaign=450-0106C&utm_content=Laird-Connectivity,,,SPI,,,,2.4 GHz,2 V to 3.6 V,- 40 C,+ 85 C,TIWI-uB1,Cut Tape,Bluetooth,,,,,,
239-BT830-SA-01,BT830-SA-01,Laird Connectivity,https://ru.mouser.com/datasheet/2/986/Product_Brief_-_BT830-1590439.pdf,93  In Stock,$17.20,RoHS Compliant,NRND,https://ru.mouser.com/ProductDetail/Laird-Connectivity/BT830-SA-01?qs=COljktJkhdZUK3%2B6A5rLxg==&utm_source=mouser-refine-download&utm_medium=file&utm_campaign=BT830-SA-01&utm_content=Laird-Connectivity,Bluetooth 4.0,Class 1,UART,7 dBm,3 Mb/s,- 89 dBm,2.4 GHz,1.8 V to 3.6 V,- 30 C,+ 85 C,BT830,Bulk,Bluetooth,,,,,,
814-BT830-ST,BT830-ST,Laird Connectivity,https://ru.mouser.com/datasheet/2/986/Product_Brief_-_BT830-1590439.pdf,72  In Stock,$17.20,RoHS Compliant,NRND,https://ru.mouser.com/ProductDetail/Laird-Connectivity/BT830-ST?qs=zlKGZp8ukqbgRpXg71NSzQ==&utm_source=mouser-refine-download&utm_medium=file&utm_campaign=BT830-ST&utm_content=Laird-Connectivity,Bluetooth 4.0,Class 1,"GPIO, I2S, UART",7 dBm,3 Mb/s,- 89 dBm,2.4 GHz,3.3 V,- 30 C,+ 85 C,BT830,Tray,Bluetooth,,,,,,
741-450-0103C,450-0103C,Laird Connectivity,https://www.lairdconnect.com/node/11026,60  In Stock,$20.70,RoHS Compliant,NRND,https://ru.mouser.com/ProductDetail/Laird-Connectivity/450-0103C?qs=BDRISUKNLIeSohQ27JnzTA==&utm_source=mouser-refine-download&utm_medium=file&utm_campaign=450-0103C&utm_content=Laird-Connectivity,,,SPI,,,,2.4 GHz,2 V to 3.6 V,- 40 C,+ 85 C,TIWI-uB1,Cut Tape,Bluetooth,,,,,,
667-ENW89837AUKF,ENW89837AUKF,Panasonic,https://ru.mouser.com/datasheet/2/315/panasonic_pan1026_datasheet_v1_4-947381.pdf,5  In Stock,$139.57,RoHS Compliant,NRND,https://ru.mouser.com/ProductDetail/Panasonic/ENW89837AUKF?qs=BZBei1rCqCC6mRWFpqoocQ==&utm_source=mouser-refine-download&utm_medium=file&utm_campaign=ENW89837AUKF&utm_content=Panasonic,Bluetooth 2.1,Class 2,UART,4 dBm,4.33 Mb/s,- 88 dBm,2.4 GHz,3.3 V,- 40 C,+ 85 C,PAN1026,Bulk,Bluetooth,,,,,,
239-BT820,BT820,Laird Connectivity,https://ru.mouser.com/datasheet/2/986/Product_Brief_-_BT800_Series-1590499.pdf,23  In Stock,$23.59,RoHS Compliant,NRND,https://ru.mouser.com/ProductDetail/Laird-Connectivity/BT820?qs=fHAk5VQYfldXCgq%2Brl6BJg==&utm_source=mouser-refine-download&utm_medium=file&utm_campaign=BT820&utm_content=Laird-Connectivity,Bluetooth 4.0 + EDR,"Bluetooth Low Energy (BLE), Class 1","I2S, PCM, USB",8 dBm,3 Mb/s,- 89 dBm,2.4 GHz,1.7 V to 3.6 V,- 30 C,+ 85 C,BT820,,Bluetooth,,,,,,
667-ENW-89853A1KF,ENW-89853A1KF,Panasonic,https://ru.mouser.com/datasheet/2/315/Panasonic_10102018_ENW-89853A1KF-1488166.pdf,66  In Stock,$21.39,RoHS Compliant,NRND,https://ru.mouser.com/ProductDetail/Panasonic/ENW-89853A1KF?qs=byeeYqUIh0N5u/H7xc9DRQ==&utm_source=mouser-refine-download&utm_medium=file&utm_campaign=ENW-89853A1KF&utm_content=Panasonic,Bluetooth 5.0,Bluetooth Low Energy (BLE),"GPIO, I2C, SPI, UART",8 dBm,2 Mb/s,- 94 dBm,2.4 GHz,1.8 V to 3.6 V,- 40 C,+ 85 C,PAN1762,"Cut Tape, Reel",BLE,,,,,,
